<!-- Copyright (C) 2007 - 2009 The MITRE Corporation. See the toplevel
     file LICENSE for license terms. -->
<task name='Named Entity (ENAMEX)'>
  <annotation_set_descriptors all_annotations_known='no'
                              inherit='category:zone,category:token'>
    <annotation_set_descriptor category='content' name='content'>
      <annotation label='ENAMEX'/>
      <attribute of_annotation='ENAMEX' name='type'>
        <choice effective_label="PERSON">PERSON</choice>
        <choice effective_label="LOCATION">LOCATION</choice>
        <choice effective_label="ORGANIZATION">ORGANIZATION</choice>
      </attribute>
    </annotation_set_descriptor>
  </annotation_set_descriptors>
  <annotation_display>
    <label name='PERSON' accelerator='P' css='background-color: #CCFF66'/>
    <label name='LOCATION' accelerator='L' css='background-color: #FF99CC'/>
    <label name='ORGANIZATION' accelerator='O' css='background-color: #99CCFF'/>
  </annotation_display>
  <similarity_profile>
    <stratum true_labels="ENAMEX"/>
    <tag_profile true_labels="ENAMEX">
      <dimension name="_label" weight=".1" method="label_equality"/>
      <dimension name="_span" weight=".9"/>
    </tag_profile>
  </similarity_profile>
  <similarity_profile name="tag_agnostic">
    <stratum true_labels="ENAMEX"/>
    <tag_profile true_labels="ENAMEX">
      <dimension name="_span" weight="1"/>
    </tag_profile>
  </similarity_profile>
  <workflows>
    <workflow name='Hand annotation'>
      <step name='zone'/>
      <step name='tokenize'/>
      <step pretty_name='hand tag' name='tag' by_hand='yes'/>
    </workflow>
    <workflow hand_annotation_available_at_end='yes' name='Review/repair'/>
    <workflow hand_annotation_available_at_end='yes' name='Demo'>
      <step name='zone'/>
      <step name='tokenize'/>
      <step name='tag'/>
    </workflow>
  </workflows>
  <step_implementations>
    <step name='tokenize' class='MAT.JavaCarafe.CarafeTokenizationStep'/>
    <step name='zone' class='MAT.PluginMgr.WholeZoneStep'/>
    <step workflows='Demo' name='tag' class='MAT.JavaCarafe.CarafeTagStep'/>
    <!-- for undo -->
    <step name='tag' class='MAT.PluginMgr.TagStep'/>
  </step_implementations>
  <model_config class='MAT.JavaCarafe.CarafeModelBuilder'>
    <build_settings training_method='psa' max_iterations='6'/>
  </model_config>
  <workspace>
    <operation name='autotag'>
      <settings steps='tag' workflow='Demo'/>
    </operation>
    <operation name='modelbuild'>
      <settings/>
    </operation>
    <operation name='import'>
      <settings steps='zone,tokenize' workflow='Hand annotation'/>
    </operation>
  </workspace>
</task>
