{"signal": "Private sector intelligence analysts have made public for the first\ntime an apparent missile base in North Korea. A report to be published\nnext week by Jane's Defense Weekly is expected to unveil satellite\nimages of the North Korean facility near Podong-ni. Analysts say it\nappears designed to accommodate test launches of long-range missiles. \n\nNorth Korea has poured a large amount of its economic output into\nmissile development for decades. It has about 800 missiles capable of\nhitting South Korea and Japan, and test-fired a missile directly over\nJapanese territory in 1998. North Korea test-fired a long-range\nmissile in 2006, a few months before it conducted its first test\nexplosion of a nuclear weapon. \n\nDavid Asher is a former coordinator of North Korea policy at the\nU.S. State Department. During a visit to Seoul this week, he said\nthere are signs North Korea may be contemplating more missile tests. \n\n\"Last week there was a statement by the KCNA, the [North] Korean news\nagency ... it stated that North Korea has the right to test a\nsatellite. Well, this is exactly what they did before they tested the\nTaepodong a few years ago. And I would be very concerned, personally,\njust based on that, that they are going to do this again,\" said\nAsher. \n\nSouth Korean Defense Minister Lee Sang-hee was quoted in local media\nas saying he is aware of the missile base, and believes it is 80\npercent complete. Defense Minister Lee was quoted as saying there have\nbeen no unusual moves by the North's military, amid the possibly\ndeclining health of North Korean leader Kim Jong Il. South Korea is\nnot taking any immediate steps to raise its level of defense alert. \n\nSouth Korea's intelligence agency revealed this week its belief the\nNorth's leader is recovering from a cerebral hemorrhage, or stroke, he\nsuffered last month. North Korean officials reject the reports as a\nworthless conspiracy. Nonetheless, Kim Jong Il has not been seen in\npublic since August 14. \n\nKim Jong Il has absolute personal control of North Korea's secretive\ngovernment. He has never publicly named a successor. Leaders view any\ncompromise of his health as potentially destabilizing to the North\nKorean system - and even to peace on the Korean peninsula. \n\nBrian Myers specializes in North Korea's propaganda and official\ncommunications at South Korea's Dongseo University. He says North\nKorea's domestic media is absolutely silent about international\nreports on their leader's health. \n\n\"What we can expect are editorials that condemn the rest of the world\nfor making baseless rumors, but I do not think the North Korean press\nwill explain to the people what those rumors are,\" he said. \n\nHe says health problems may put a dent in the North's efforts to\nportray Kim Jong Il as an all-powerful leader. \n\n\"It does compromise his image because North Korean propaganda has\nalways praised Kim Jong Il for his sturdy constitution, and compared\nit favorably to the poor health of other leaders,\" he said. \n\nHe says average North Koreans are probably aware of their leader's\nhealth situation, via broadcast and cell phone technology, as well as\nrobust business contact with China. \n", "asets": [{"hasID": false, "type": "lex", "attrs": [], "annots": [[0, 7], [8, 14], [15, 27], [28, 36], [37, 41], [42, 46], [47, 53], [54, 57], [58, 61], [62, 67], [68, 72], [73, 75], [76, 84], [85, 92], [93, 97], [98, 100], [101, 106], [107, 112], [112, 113], [114, 115], [116, 122], [123, 125], [126, 128], [129, 138], [139, 143], [144, 148], [149, 151], [152, 156], [156, 158], [159, 166], [167, 173], [174, 176], [177, 185], [186, 188], [189, 195], [196, 205], [206, 212], [213, 215], [216, 219], [220, 225], [226, 232], [233, 241], [242, 246], [247, 256], [256, 257], [258, 266], [267, 270], [271, 273], [274, 281], [282, 290], [291, 293], [294, 305], [306, 310], [311, 319], [320, 322], [323, 333], [334, 342], [342, 343], [346, 351], [352, 357], [358, 361], [362, 368], [369, 370], [371, 376], [377, 383], [384, 386], [387, 390], [391, 399], [400, 406], [407, 411], [412, 419], [420, 431], [432, 435], [436, 443], [443, 444], [445, 447], [448, 451], [452, 457], [458, 461], [462, 470], [471, 478], [479, 481], [482, 489], [490, 495], [496, 501], [502, 505], [506, 511], [511, 512], [513, 516], [517, 527], [528, 529], [530, 537], [538, 546], [547, 551], [552, 560], [561, 570], [571, 573], [574, 578], [578, 579], [580, 585], [586, 591], [592, 602], [603, 604], [605, 615], [616, 623], [624, 626], [627, 631], [631, 632], [633, 634], [635, 638], [639, 645], [646, 652], [653, 655], [656, 665], [666, 669], [670, 675], [676, 680], [681, 690], [691, 693], [694, 695], [696, 703], [704, 710], [710, 711], [714, 719], [720, 725], [726, 728], [729, 730], [731, 737], [738, 749], [750, 752], [753, 758], [759, 764], [765, 771], [772, 774], [775, 778], [779, 783], [784, 789], [790, 800], [800, 801], [802, 808], [809, 810], [811, 816], [817, 819], [820, 825], [826, 830], [831, 835], [835, 836], [837, 839], [840, 844], [845, 850], [851, 854], [855, 860], [861, 866], [867, 872], [873, 876], [877, 879], [880, 893], [894, 898], [899, 906], [907, 912], [912, 913], [916, 917], [917, 921], [922, 926], [927, 932], [933, 936], [937, 938], [939, 948], [949, 951], [952, 955], [956, 960], [960, 961], [962, 965], [966, 973], [974, 980], [981, 985], [986, 992], [993, 996], [997, 999], [1000, 1006], [1007, 1011], [1012, 1017], [1018, 1023], [1024, 1027], [1028, 1031], [1032, 1037], [1038, 1040], [1041, 1045], [1046, 1047], [1048, 1057], [1057, 1058], [1059, 1063], [1063, 1064], [1065, 1069], [1070, 1072], [1073, 1080], [1081, 1085], [1086, 1090], [1091, 1094], [1095, 1101], [1102, 1106], [1107, 1113], [1114, 1117], [1118, 1127], [1128, 1129], [1130, 1133], [1134, 1139], [1140, 1143], [1143, 1144], [1145, 1148], [1149, 1150], [1151, 1156], [1157, 1159], [1160, 1164], [1165, 1174], [1174, 1175], [1176, 1186], [1186, 1187], [1188, 1192], [1193, 1198], [1199, 1201], [1202, 1206], [1206, 1207], [1208, 1212], [1213, 1217], [1218, 1221], [1222, 1227], [1228, 1230], [1231, 1233], [1234, 1238], [1239, 1244], [1244, 1246], [1247, 1251], [1252, 1257], [1257, 1258], [1261, 1266], [1267, 1273], [1274, 1281], [1282, 1290], [1291, 1294], [1295, 1303], [1304, 1307], [1308, 1314], [1315, 1317], [1318, 1323], [1324, 1329], [1330, 1332], [1333, 1339], [1340, 1342], [1343, 1345], [1346, 1351], [1352, 1354], [1355, 1358], [1359, 1366], [1367, 1371], [1371, 1372], [1373, 1376], [1377, 1385], [1386, 1388], [1389, 1391], [1392, 1394], [1395, 1402], [1403, 1411], [1411, 1412], [1413, 1420], [1421, 1429], [1430, 1433], [1434, 1437], [1438, 1444], [1445, 1447], [1448, 1454], [1455, 1460], [1461, 1465], [1466, 1470], [1471, 1473], [1474, 1481], [1482, 1487], [1488, 1490], [1491, 1494], [1495, 1500], [1500, 1502], [1503, 1511], [1511, 1512], [1513, 1517], [1518, 1521], [1522, 1530], [1531, 1540], [1541, 1547], [1548, 1550], [1551, 1556], [1557, 1563], [1564, 1570], [1571, 1574], [1575, 1579], [1580, 1582], [1582, 1583], [1584, 1589], [1590, 1595], [1596, 1598], [1599, 1602], [1603, 1609], [1610, 1613], [1614, 1623], [1624, 1629], [1630, 1632], [1633, 1638], [1639, 1642], [1643, 1648], [1649, 1651], [1652, 1659], [1660, 1665], [1665, 1666], [1669, 1674], [1675, 1680], [1680, 1682], [1683, 1695], [1696, 1702], [1703, 1711], [1712, 1716], [1717, 1721], [1722, 1725], [1726, 1732], [1733, 1736], [1737, 1742], [1742, 1744], [1745, 1751], [1752, 1754], [1755, 1765], [1766, 1770], [1771, 1772], [1773, 1781], [1782, 1792], [1792, 1793], [1794, 1796], [1797, 1803], [1803, 1804], [1805, 1807], [1808, 1816], [1817, 1821], [1822, 1827], [1827, 1828], [1829, 1834], [1835, 1841], [1842, 1851], [1852, 1858], [1859, 1862], [1863, 1870], [1871, 1873], [1874, 1875], [1876, 1885], [1886, 1896], [1896, 1897], [1898, 1909], [1909, 1910], [1911, 1914], [1915, 1919], [1920, 1922], [1923, 1926], [1927, 1930], [1931, 1935], [1936, 1940], [1941, 1943], [1944, 1950], [1951, 1956], [1957, 1963], [1964, 1966], [1966, 1967], [1970, 1973], [1974, 1978], [1979, 1981], [1982, 1985], [1986, 1994], [1995, 2003], [2004, 2011], [2012, 2014], [2015, 2020], [2021, 2026], [2026, 2028], [2029, 2038], [2039, 2049], [2049, 2050], [2051, 2053], [2054, 2057], [2058, 2063], [2064, 2072], [2073, 2078], [2079, 2080], [2081, 2090], [2090, 2091], [2092, 2099], [2100, 2104], [2105, 2108], [2109, 2119], [2120, 2122], [2123, 2126], [2127, 2133], [2134, 2136], [2137, 2148], [2149, 2162], [2163, 2165], [2166, 2169], [2170, 2175], [2176, 2182], [2183, 2189], [2190, 2191], [2192, 2195], [2196, 2200], [2201, 2203], [2204, 2209], [2210, 2212], [2213, 2216], [2217, 2223], [2224, 2233], [2233, 2234], [2237, 2242], [2243, 2248], [2249, 2260], [2261, 2263], [2264, 2269], [2270, 2275], [2275, 2277], [2278, 2288], [2289, 2292], [2293, 2301], [2302, 2316], [2317, 2319], [2320, 2325], [2326, 2331], [2331, 2333], [2334, 2341], [2342, 2352], [2352, 2353], [2354, 2356], [2357, 2361], [2362, 2367], [2368, 2373], [2373, 2375], [2376, 2384], [2385, 2390], [2391, 2393], [2394, 2404], [2405, 2411], [2412, 2417], [2418, 2431], [2432, 2439], [2440, 2442], [2443, 2448], [2449, 2455], [2455, 2457], [2458, 2464], [2464, 2465], [2468, 2469], [2469, 2473], [2474, 2476], [2477, 2480], [2481, 2487], [2488, 2491], [2492, 2502], [2503, 2507], [2508, 2515], [2516, 2519], [2520, 2524], [2525, 2527], [2528, 2531], [2532, 2537], [2538, 2541], [2542, 2548], [2549, 2557], [2558, 2564], [2564, 2565], [2566, 2569], [2570, 2571], [2572, 2574], [2575, 2578], [2579, 2584], [2585, 2588], [2589, 2594], [2595, 2601], [2602, 2607], [2608, 2612], [2613, 2620], [2621, 2623], [2624, 2627], [2628, 2634], [2635, 2639], [2640, 2645], [2646, 2652], [2653, 2656], [2656, 2658], [2659, 2661], [2662, 2666], [2666, 2667], [2670, 2672], [2673, 2677], [2678, 2684], [2685, 2693], [2694, 2697], [2698, 2701], [2702, 2703], [2704, 2708], [2709, 2711], [2712, 2715], [2716, 2721], [2721, 2723], [2724, 2731], [2732, 2734], [2735, 2742], [2743, 2746], [2747, 2751], [2752, 2754], [2755, 2757], [2758, 2760], [2761, 2773], [2774, 2780], [2780, 2781], [2784, 2785], [2785, 2787], [2788, 2792], [2793, 2803], [2804, 2807], [2808, 2813], [2814, 2821], [2822, 2827], [2828, 2834], [2835, 2845], [2846, 2849], [2850, 2856], [2857, 2864], [2865, 2868], [2869, 2873], [2874, 2876], [2877, 2880], [2881, 2884], [2885, 2891], [2892, 2904], [2904, 2905], [2906, 2909], [2910, 2918], [2919, 2921], [2922, 2931], [2932, 2934], [2935, 2938], [2939, 2943], [2944, 2950], [2951, 2953], [2954, 2959], [2960, 2967], [2967, 2969], [2970, 2972], [2973, 2977], [2977, 2978], [2981, 2983], [2984, 2988], [2989, 2996], [2997, 3002], [3003, 3010], [3011, 3014], [3015, 3023], [3024, 3029], [3030, 3032], [3033, 3038], [3039, 3045], [3045, 3047], [3048, 3054], [3055, 3064], [3064, 3065], [3066, 3069], [3070, 3079], [3080, 3083], [3084, 3088], [3089, 3094], [3095, 3105], [3105, 3106], [3107, 3109], [3110, 3114], [3115, 3117], [3118, 3124], [3125, 3133], [3134, 3141], [3142, 3146], [3147, 3152], [3152, 3153]], "hasSpan": true}, {"hasID": false, "type": "zone", "attrs": [{"type": "string", "name": "region_type"}], "annots": [[0, 3155, "body"]], "hasSpan": true}, {"hasID": false, "type": "SEGMENT", "attrs": [{"type": "string", "name": "status"}, {"type": "string", "name": "annotator"}], "annots": [[0, 3155, "reconciled", "GOLD_STANDARD"]], "hasSpan": true}, {"hasID": false, "type": "ENAMEX", "attrs": [{"type": "string", "name": "type"}], "annots": [[101, 112, "LOCATION"], [152, 156, "PERSON"], [247, 256, "LOCATION"], [346, 357, "LOCATION"], [490, 501, "LOCATION"], [506, 511, "LOCATION"], [580, 591, "LOCATION"], [714, 725, "PERSON"], [753, 764, "LOCATION"], [779, 783, "LOCATION"], [784, 800, "ORGANIZATION"], [820, 825, "LOCATION"], [861, 872, "LOCATION"], [956, 960, "ORGANIZATION"], [966, 973, "LOCATION"], [1012, 1023, "LOCATION"], [1059, 1063, "PERSON"], [1118, 1127, "ORGANIZATION"], [1252, 1257, "ORGANIZATION"], [1291, 1303, "PERSON"], [1430, 1433, "PERSON"], [1495, 1500, "ORGANIZATION"], [1571, 1582, "PERSON"], [1584, 1595, "LOCATION"], [1669, 1680, "LOCATION"], [1737, 1742, "ORGANIZATION"], [1911, 1922, "ORGANIZATION"], [1970, 1981, "PERSON"], [2015, 2026, "LOCATION"], [2051, 2053, "PERSON"], [2264, 2275, "LOCATION"], [2320, 2331, "LOCATION"], [2334, 2352, "ORGANIZATION"], [2362, 2373, "LOCATION"], [2670, 2672, "PERSON"], [2716, 2721, "ORGANIZATION"], [2747, 2754, "PERSON"], [2865, 2876, "ORGANIZATION"], [2981, 2983, "PERSON"], [2997, 3010, "LOCATION"], [3147, 3152, "LOCATION"]], "hasSpan": true}], "version": 2, "metadata": {"phasesDone": ["tokenize", "tag", "zone"]}}