{"signal": "Russian Prime Minister Vladimir Putin has strongly defended the\nRussian military incursion into Georgia, but says Moscow has no\nintention of annexing any territory of former Soviet republics. \n\nMr. Putin, speaking Thursday in southern Russia, said Moscow has no\n\"imperial ambitions\" for Georgia, despite what he said were Western\naccusations to the contrary. \n\nSeparately Thursday, Russian news reports say President Dmitri\nMedvedev again accused Georgia of military aggression last month\nagainst the Georgian breakaway territory of South Ossetia. \n\nMr. Medvedev said the Georgian move against South Ossetia August 7\ntriggered Russia's military incursion and has made the modernization\nof the Russian military a top priority. \n\nEarlier Thursday, the pro-Russian separatist leader in South Ossetia\nsaid the Georgian region will not seek to become part of Russia,\ndespite earlier reports to the contrary. \n\nRussian news agencies quoted Eduard Kokoity earlier as saying South\nOssetia is to join the North Ossetian region of Russia. He later told\njournalists he was misquoted. \n\nRussia has defied a host of Western governments by recognizing South\nOssetia and a second breakaway region, Abkhazia, as independent\nstates. Moscow moved earlier this week to establish diplomatic ties\nwith both territories. \n\nAbkhazian leader Sergei Bagapsh said his region hopes to join the\nRussian-Belarus Union State. \n\nRussian forces pushed into Georgia last month after the Georgian\nmilitary tried to retake control of South Ossetia. Russia said it had\nto protect its citizens in the pro-Russian region. \n", "asets": [{"hasID": false, "type": "lex", "attrs": [], "annots": [[0, 7], [8, 13], [14, 22], [23, 31], [32, 37], [38, 41], [42, 50], [51, 59], [60, 63], [64, 71], [72, 80], [81, 90], [91, 95], [96, 103], [103, 104], [105, 108], [109, 113], [114, 120], [121, 124], [125, 127], [128, 137], [138, 140], [141, 149], [150, 153], [154, 163], [164, 166], [167, 173], [174, 180], [181, 190], [190, 191], [194, 197], [198, 203], [203, 204], [205, 213], [214, 222], [223, 225], [226, 234], [235, 241], [241, 242], [243, 247], [248, 254], [255, 258], [259, 261], [262, 263], [263, 271], [272, 281], [281, 282], [283, 286], [287, 294], [294, 295], [296, 303], [304, 308], [309, 311], [312, 316], [317, 321], [322, 329], [330, 341], [342, 344], [345, 348], [349, 357], [357, 358], [361, 371], [372, 380], [380, 381], [382, 389], [390, 394], [395, 402], [403, 406], [407, 416], [417, 423], [424, 432], [433, 438], [439, 446], [447, 454], [455, 457], [458, 466], [467, 477], [478, 482], [483, 488], [489, 496], [497, 500], [501, 509], [510, 519], [520, 529], [530, 532], [533, 538], [539, 546], [546, 547], [550, 553], [554, 562], [563, 567], [568, 571], [572, 580], [581, 585], [586, 593], [594, 599], [600, 607], [608, 614], [615, 616], [617, 626], [627, 633], [633, 635], [636, 644], [645, 654], [655, 658], [659, 662], [663, 667], [668, 671], [672, 685], [686, 688], [689, 692], [693, 700], [701, 709], [710, 711], [712, 715], [716, 724], [724, 725], [728, 735], [736, 744], [744, 745], [746, 749], [750, 761], [762, 772], [773, 779], [780, 782], [783, 788], [789, 796], [797, 801], [802, 805], [806, 814], [815, 821], [822, 826], [827, 830], [831, 835], [836, 838], [839, 845], [846, 850], [851, 853], [854, 860], [860, 861], [862, 869], [870, 877], [878, 885], [886, 888], [889, 892], [893, 901], [901, 902], [905, 912], [913, 917], [918, 926], [927, 933], [934, 940], [941, 948], [949, 956], [957, 959], [960, 966], [967, 972], [973, 980], [981, 983], [984, 986], [987, 991], [992, 995], [996, 1001], [1002, 1010], [1011, 1017], [1018, 1020], [1021, 1027], [1027, 1028], [1029, 1031], [1032, 1037], [1038, 1042], [1043, 1054], [1055, 1057], [1058, 1061], [1062, 1071], [1071, 1072], [1075, 1081], [1082, 1085], [1086, 1092], [1093, 1094], [1095, 1099], [1100, 1102], [1103, 1110], [1111, 1122], [1123, 1125], [1126, 1137], [1138, 1143], [1144, 1151], [1152, 1155], [1156, 1157], [1158, 1164], [1165, 1174], [1175, 1181], [1181, 1182], [1183, 1191], [1191, 1192], [1193, 1195], [1196, 1207], [1208, 1214], [1214, 1215], [1216, 1222], [1223, 1228], [1229, 1236], [1237, 1241], [1242, 1246], [1247, 1249], [1250, 1259], [1260, 1270], [1271, 1275], [1276, 1280], [1281, 1285], [1286, 1297], [1297, 1298], [1301, 1310], [1311, 1317], [1318, 1324], [1325, 1332], [1333, 1337], [1338, 1341], [1342, 1348], [1349, 1354], [1355, 1357], [1358, 1362], [1363, 1366], [1367, 1382], [1383, 1388], [1389, 1394], [1394, 1395], [1398, 1405], [1406, 1412], [1413, 1419], [1420, 1424], [1425, 1432], [1433, 1437], [1438, 1443], [1444, 1449], [1450, 1453], [1454, 1462], [1463, 1471], [1472, 1477], [1478, 1480], [1481, 1487], [1488, 1495], [1496, 1498], [1499, 1504], [1505, 1512], [1512, 1513], [1514, 1520], [1521, 1525], [1526, 1528], [1529, 1532], [1533, 1535], [1536, 1543], [1544, 1547], [1548, 1556], [1557, 1559], [1560, 1563], [1564, 1575], [1576, 1582], [1582, 1583]], "hasSpan": true}, {"hasID": false, "type": "zone", "attrs": [{"type": "string", "name": "region_type"}], "annots": [[0, 1585, "body"]], "hasSpan": true}, {"hasID": false, "type": "SEGMENT", "attrs": [{"type": "string", "name": "status"}, {"type": "string", "name": "annotator"}], "annots": [[0, 1585, "reconciled", "GOLD_STANDARD"]], "hasSpan": true}, {"hasID": false, "type": "ENAMEX", "attrs": [{"type": "string", "name": "type"}], "annots": [[23, 37, "PERSON"], [96, 103, "LOCATION"], [114, 120, "LOCATION"], [194, 203, "PERSON"], [248, 254, "LOCATION"], [287, 294, "LOCATION"], [417, 432, "PERSON"], [447, 454, "LOCATION"], [497, 509, "ORGANIZATION"], [533, 546, "LOCATION"], [554, 562, "PERSON"], [572, 580, "LOCATION"], [783, 796, "LOCATION"], [806, 814, "LOCATION"], [967, 980, "ORGANIZATION"], [996, 1001, "ORGANIZATION"], [1075, 1081, "PERSON"], [1183, 1191, "LOCATION"], [1216, 1222, "LOCATION"], [1318, 1332, "PERSON"], [1367, 1394, "ORGANIZATION"], [1425, 1432, "LOCATION"], [1454, 1462, "LOCATION"], [1499, 1512, "LOCATION"]], "hasSpan": true}], "version": 2, "metadata": {"phasesDone": ["tokenize", "tag", "zone"]}}