{"signal": "The World Health Organization says 500 million young people between\nthe ages of 10 and 24 in South and South East Asian countries are\nbeing aggressively targeted by the tobacco industry to make them\nfirst-time tobacco users. \n\nThe World Health Organization points out that most tobacco users in\nthe region start at an early age - before they are 18, and many even\nbefore the age of 10. \n\nBut WHO officials are optimistic the situation may improve.\n\nWHO regional Coordinator for Tobacco Control Khalil Rahman says the\nhealth ministers have made a political commitment to support policies\nthat will help cut the use of tobacco. \n\n\"We have this very good news, good political support from all\ncountries in the region, they are committed to tobacco control,\ndespite the fact that even in the government, there is some\nopposition, but as a whole government is committed to tobacco\ncontrol,\" Rahman said.    \n\nThe health ministers met in New Delhi for a four-day conference that\nconcluded Thursday. \n\nThe World Health Organization has urged the ministers to enact\nlegislation to enforce smoke-free environments in indoor public places\nincluding offices, restaurants and bars. \n\nIndia will shortly enact such legislation. Indian Health Minister\nAnmubani Ramadoss says starting October 2, it will become illegal to\nsmoke in all public places in the country. \n\n\"Although it is fantastic to be in a youthful country, we need to\nprotect this very valuable resource from the harmful effects of\ntobacco,\" Ramadoss said.    \n\nBut putting laws in place is not enough. The World Health Organization\nsays strict enforcement is equally important. It also wants countries\nto enforce a ban on all forms of tobacco advertising. \n\nThe World Health Organization is also urging countries to raise taxes\non tobacco products. Rahman, says governments hesitate doing this,\nfearing loss of revenue due to a drop in sale of tobacco products. But\nhe says increasing tax is effective. \n\n\"If you increase tax, you can earn more revenue from tobacco industry,\nand at the same time you can reduce consumption, and if consumption is\nreduced, you get less diseases and you spend less to treat those\ndiseases,\" Rahman said.    \n\nSome countries in the region - Bangladesh, Burma and Thailand - have\nalready imposed high taxes of up to 80 percent on tobacco products. \n\nThe populous South Asian and South East Asian region accounts for\nnearly one quarter of the five million deaths that take place\nworldwide every year due to use of tobacco. \n", "asets": [{"hasID": false, "type": "lex", "attrs": [], "annots": [[0, 3], [4, 9], [10, 16], [17, 29], [30, 34], [35, 38], [39, 46], [47, 52], [53, 59], [60, 67], [68, 71], [72, 76], [77, 79], [80, 82], [83, 86], [87, 89], [90, 92], [93, 98], [99, 102], [103, 108], [109, 113], [114, 119], [120, 129], [130, 133], [134, 139], [140, 152], [153, 161], [162, 164], [165, 168], [169, 176], [177, 185], [186, 188], [189, 193], [194, 198], [199, 209], [210, 217], [218, 223], [223, 224], [227, 230], [231, 236], [237, 243], [244, 256], [257, 263], [264, 267], [268, 272], [273, 277], [278, 285], [286, 291], [292, 294], [295, 298], [299, 305], [306, 311], [312, 314], [315, 317], [318, 323], [324, 327], [328, 329], [330, 336], [337, 341], [342, 345], [346, 348], [348, 349], [350, 353], [354, 358], [359, 363], [364, 370], [371, 374], [375, 378], [379, 381], [382, 384], [384, 385], [388, 391], [392, 395], [396, 405], [406, 409], [410, 420], [421, 424], [425, 434], [435, 438], [439, 446], [446, 447], [449, 452], [453, 461], [462, 473], [474, 477], [478, 485], [486, 493], [494, 500], [501, 507], [508, 512], [513, 516], [517, 523], [524, 533], [534, 538], [539, 543], [544, 545], [546, 555], [556, 566], [567, 569], [570, 577], [578, 586], [587, 591], [592, 596], [597, 601], [602, 605], [606, 609], [610, 613], [614, 616], [617, 624], [624, 625], [628, 629], [629, 631], [632, 636], [637, 641], [642, 646], [647, 651], [652, 656], [656, 657], [658, 662], [663, 672], [673, 680], [681, 685], [686, 689], [690, 699], [700, 702], [703, 706], [707, 713], [713, 714], [715, 719], [720, 723], [724, 733], [734, 736], [737, 744], [745, 752], [752, 753], [754, 761], [762, 765], [766, 770], [771, 775], [776, 780], [781, 783], [784, 787], [788, 798], [798, 799], [800, 805], [806, 808], [809, 813], [814, 824], [824, 825], [826, 829], [830, 832], [833, 834], [835, 840], [841, 851], [852, 854], [855, 864], [865, 867], [868, 875], [876, 883], [883, 885], [886, 892], [893, 897], [897, 898], [904, 907], [908, 914], [915, 924], [925, 928], [929, 931], [932, 935], [936, 941], [942, 945], [946, 947], [948, 956], [957, 967], [968, 972], [973, 982], [983, 991], [991, 992], [995, 998], [999, 1004], [1005, 1011], [1012, 1024], [1025, 1028], [1029, 1034], [1035, 1038], [1039, 1048], [1049, 1051], [1052, 1057], [1058, 1069], [1070, 1072], [1073, 1080], [1081, 1091], [1092, 1104], [1105, 1107], [1108, 1114], [1115, 1121], [1122, 1128], [1129, 1138], [1139, 1146], [1146, 1147], [1148, 1159], [1160, 1163], [1164, 1168], [1168, 1169], [1172, 1177], [1178, 1182], [1183, 1190], [1191, 1196], [1197, 1201], [1202, 1213], [1213, 1214], [1215, 1221], [1222, 1228], [1229, 1237], [1238, 1246], [1247, 1255], [1256, 1260], [1261, 1269], [1270, 1277], [1278, 1279], [1279, 1280], [1281, 1283], [1284, 1288], [1289, 1295], [1296, 1303], [1304, 1306], [1307, 1312], [1313, 1315], [1316, 1319], [1320, 1326], [1327, 1333], [1334, 1336], [1337, 1340], [1341, 1348], [1348, 1349], [1352, 1353], [1353, 1361], [1362, 1364], [1365, 1367], [1368, 1377], [1378, 1380], [1381, 1383], [1384, 1386], [1387, 1388], [1389, 1397], [1398, 1405], [1405, 1406], [1407, 1409], [1410, 1414], [1415, 1417], [1418, 1425], [1426, 1430], [1431, 1435], [1436, 1444], [1445, 1453], [1454, 1458], [1459, 1462], [1463, 1470], [1471, 1478], [1479, 1481], [1482, 1489], [1489, 1491], [1492, 1500], [1501, 1505], [1505, 1506], [1512, 1515], [1516, 1523], [1524, 1528], [1529, 1531], [1532, 1537], [1538, 1540], [1541, 1544], [1545, 1551], [1551, 1552], [1553, 1556], [1557, 1562], [1563, 1569], [1570, 1582], [1583, 1587], [1588, 1594], [1595, 1606], [1607, 1609], [1610, 1617], [1618, 1627], [1627, 1628], [1629, 1631], [1632, 1636], [1637, 1642], [1643, 1652], [1653, 1655], [1656, 1663], [1664, 1665], [1666, 1669], [1670, 1672], [1673, 1676], [1677, 1682], [1683, 1685], [1686, 1693], [1694, 1705], [1705, 1706], [1709, 1712], [1713, 1718], [1719, 1725], [1726, 1738], [1739, 1741], [1742, 1746], [1747, 1753], [1754, 1763], [1764, 1766], [1767, 1772], [1773, 1778], [1779, 1781], [1782, 1789], [1790, 1798], [1798, 1799], [1800, 1806], [1806, 1807], [1808, 1812], [1813, 1824], [1825, 1833], [1834, 1839], [1840, 1844], [1844, 1845], [1846, 1853], [1854, 1858], [1859, 1861], [1862, 1869], [1870, 1873], [1874, 1876], [1877, 1878], [1879, 1883], [1884, 1886], [1887, 1891], [1892, 1894], [1895, 1902], [1903, 1911], [1911, 1912], [1913, 1916], [1917, 1919], [1920, 1924], [1925, 1935], [1936, 1939], [1940, 1942], [1943, 1952], [1952, 1953], [1956, 1957], [1957, 1959], [1960, 1963], [1964, 1972], [1973, 1976], [1976, 1977], [1978, 1981], [1982, 1985], [1986, 1990], [1991, 1995], [1996, 2003], [2004, 2008], [2009, 2016], [2017, 2025], [2025, 2026], [2027, 2030], [2031, 2033], [2034, 2037], [2038, 2042], [2043, 2047], [2048, 2051], [2052, 2055], [2056, 2062], [2063, 2074], [2074, 2075], [2076, 2079], [2080, 2082], [2083, 2094], [2095, 2097], [2098, 2105], [2105, 2106], [2107, 2110], [2111, 2114], [2115, 2119], [2120, 2128], [2129, 2132], [2133, 2136], [2137, 2142], [2143, 2147], [2148, 2150], [2151, 2156], [2157, 2162], [2163, 2171], [2171, 2173], [2174, 2180], [2181, 2185], [2185, 2186], [2192, 2196], [2197, 2206], [2207, 2209], [2210, 2213], [2214, 2220], [2221, 2222], [2223, 2233], [2233, 2234], [2235, 2240], [2241, 2244], [2245, 2253], [2254, 2255], [2256, 2260], [2261, 2268], [2269, 2276], [2277, 2281], [2282, 2287], [2288, 2290], [2291, 2293], [2294, 2296], [2297, 2299], [2300, 2307], [2308, 2310], [2311, 2318], [2319, 2327], [2327, 2328], [2331, 2334], [2335, 2343], [2344, 2349], [2350, 2355], [2356, 2359], [2360, 2365], [2366, 2370], [2371, 2376], [2377, 2383], [2384, 2392], [2393, 2396], [2397, 2403], [2404, 2407], [2408, 2415], [2416, 2418], [2419, 2422], [2423, 2427], [2428, 2435], [2436, 2442], [2443, 2447], [2448, 2452], [2453, 2458], [2459, 2468], [2469, 2474], [2475, 2479], [2480, 2483], [2484, 2486], [2487, 2490], [2491, 2493], [2494, 2501], [2501, 2502]], "hasSpan": true}, {"hasID": false, "type": "zone", "attrs": [{"type": "string", "name": "region_type"}], "annots": [[0, 2504, "body"]], "hasSpan": true}, {"hasID": false, "type": "SEGMENT", "attrs": [{"type": "string", "name": "status"}, {"type": "string", "name": "annotator"}], "annots": [[0, 2504, "reconciled", "GOLD_STANDARD"]], "hasSpan": true}, {"hasID": false, "type": "ENAMEX", "attrs": [{"type": "string", "name": "type"}], "annots": [[0, 29, "ORGANIZATION"], [93, 98, "LOCATION"], [103, 113, "LOCATION"], [227, 256, "ORGANIZATION"], [392, 395, "ORGANIZATION"], [494, 507, "PERSON"], [886, 892, "PERSON"], [932, 941, "LOCATION"], [995, 1024, "ORGANIZATION"], [1172, 1177, "LOCATION"], [1238, 1255, "PERSON"], [1492, 1500, "PERSON"], [1553, 1582, "ORGANIZATION"], [1709, 1738, "ORGANIZATION"], [1800, 1806, "PERSON"], [2174, 2180, "PERSON"], [2223, 2233, "LOCATION"], [2235, 2240, "LOCATION"], [2245, 2253, "LOCATION"]], "hasSpan": true}], "version": 2, "metadata": {"phasesDone": ["tokenize", "tag", "zone"]}}