{"signal": "A U.S. newspaper is reporting that President George Bush gave secret\norders in July authorizing U.S. armed forces to carry out ground\nassaults in Pakistan without seeking approval from Pakistan's\ngovernment. \n\nThe New York Times newspaper quotes senior U.S. officials who said the\nmilitary will notify Pakistan's government when it conducts raids, but\nwill not seek its permission. \n\nThe officials, who insisted on remaining anonymous, said the orders\nare part of a broader push to assert U.S. control over the\nAfghan-Pakistani border, considered a stronghold for the Taliban and\nal-Qaida. \n\nPakistan's army chief, General Ashfaq Kayani, criticized Wednesday a\nrecent series of suspected U.S. raids in Pakistan, vowing to defend\nthe country's sovereignty \"at all costs.\" Pakistani Prime Minister\nYousuf Raza Gilani Thursday said the army chief's statement reflects\ngovernment views. \n\nIn related news, the chief of the U.S. military says his new strategy\nfor the war in Afghanistan will tackle what he calls the \"common\ninsurgency\" in the tribal areas on both sides of the Afghan-Pakistani\nborder. \n\nThe chairman of the Joint Chiefs of Staff, Admiral Michael Mullen,\nsaid Wednesday the U.S. and its allies cannot \"kill our way to\nvictory\" in Afghanistan. He said Afghanistan needs more international\nhelp to improve its rule of law and economic development. \n\nPresident Bush announced Tuesday that he will increase U.S. troop\nlevels in Afghanistan by 1,500 by February. U.S. commanders there have\nrequested about 10,000 additional troops. \n", "asets": [{"hasID": false, "type": "lex", "attrs": [], "annots": [[0, 1], [2, 6], [7, 16], [17, 19], [20, 29], [30, 34], [35, 44], [45, 51], [52, 56], [57, 61], [62, 68], [69, 75], [76, 78], [79, 83], [84, 95], [96, 100], [101, 106], [107, 113], [114, 116], [117, 122], [123, 126], [127, 133], [134, 142], [143, 145], [146, 154], [155, 162], [163, 170], [171, 179], [180, 184], [185, 193], [193, 195], [196, 206], [206, 207], [210, 213], [214, 217], [218, 222], [223, 228], [229, 238], [239, 245], [246, 252], [253, 257], [258, 267], [268, 271], [272, 276], [277, 280], [281, 289], [290, 294], [295, 301], [302, 310], [310, 312], [313, 323], [324, 328], [329, 331], [332, 340], [341, 346], [346, 347], [348, 351], [352, 356], [357, 360], [361, 365], [366, 369], [370, 380], [380, 381], [384, 387], [388, 397], [397, 398], [399, 402], [403, 411], [412, 414], [415, 424], [425, 434], [434, 435], [436, 440], [441, 444], [445, 451], [452, 455], [456, 460], [461, 463], [464, 465], [466, 473], [474, 478], [479, 481], [482, 488], [489, 493], [494, 501], [502, 506], [507, 510], [511, 527], [528, 534], [534, 535], [536, 546], [547, 548], [549, 559], [560, 563], [564, 567], [568, 575], [576, 579], [580, 588], [588, 589], [592, 600], [600, 602], [603, 607], [608, 613], [613, 614], [615, 622], [623, 629], [630, 636], [636, 637], [638, 648], [649, 658], [659, 660], [661, 667], [668, 674], [675, 677], [678, 687], [688, 692], [693, 698], [699, 701], [702, 710], [710, 711], [712, 718], [719, 721], [722, 728], [729, 732], [733, 740], [740, 742], [743, 754], [755, 756], [756, 758], [759, 762], [763, 768], [768, 770], [771, 780], [781, 786], [787, 795], [796, 802], [803, 807], [808, 814], [815, 823], [824, 828], [829, 832], [833, 837], [838, 843], [843, 845], [846, 855], [856, 864], [865, 875], [876, 881], [881, 882], [885, 887], [888, 895], [896, 900], [900, 901], [902, 905], [906, 911], [912, 914], [915, 918], [919, 923], [924, 932], [933, 937], [938, 941], [942, 945], [946, 954], [955, 958], [959, 962], [963, 966], [967, 969], [970, 981], [982, 986], [987, 993], [994, 998], [999, 1001], [1002, 1007], [1008, 1011], [1012, 1013], [1013, 1019], [1020, 1030], [1030, 1031], [1032, 1034], [1035, 1038], [1039, 1045], [1046, 1051], [1052, 1054], [1055, 1059], [1060, 1065], [1066, 1068], [1069, 1072], [1073, 1089], [1090, 1096], [1096, 1097], [1100, 1103], [1104, 1112], [1113, 1115], [1116, 1119], [1120, 1125], [1126, 1132], [1133, 1135], [1136, 1141], [1141, 1142], [1143, 1150], [1151, 1158], [1159, 1165], [1165, 1166], [1167, 1171], [1172, 1181], [1182, 1185], [1186, 1190], [1191, 1194], [1195, 1198], [1199, 1205], [1206, 1212], [1213, 1214], [1214, 1218], [1219, 1222], [1223, 1226], [1227, 1229], [1230, 1237], [1237, 1238], [1239, 1241], [1242, 1253], [1253, 1254], [1255, 1257], [1258, 1262], [1263, 1274], [1275, 1280], [1281, 1285], [1286, 1299], [1300, 1304], [1305, 1307], [1308, 1315], [1316, 1319], [1320, 1324], [1325, 1327], [1328, 1331], [1332, 1335], [1336, 1344], [1345, 1356], [1356, 1357], [1360, 1369], [1370, 1374], [1375, 1384], [1385, 1392], [1393, 1397], [1398, 1400], [1401, 1405], [1406, 1414], [1415, 1419], [1420, 1425], [1426, 1432], [1433, 1435], [1436, 1447], [1448, 1450], [1451, 1456], [1457, 1459], [1460, 1468], [1468, 1469], [1470, 1474], [1475, 1485], [1486, 1491], [1492, 1496], [1497, 1506], [1507, 1512], [1513, 1519], [1520, 1530], [1531, 1537], [1537, 1538]], "hasSpan": true}, {"hasID": false, "type": "zone", "attrs": [{"type": "string", "name": "region_type"}], "annots": [[0, 1540, "body"]], "hasSpan": true}, {"hasID": false, "type": "ORGANIZATION", "attrs": [], "annots": [[214, 228], [253, 257], [781, 807]], "hasSpan": true}, {"hasID": false, "type": "SEGMENT", "attrs": [{"type": "string", "name": "status"}, {"type": "string", "name": "annotator"}], "annots": [[0, 1540, "reconciled", "GOLD_STANDARD"]], "hasSpan": true}, {"hasID": false, "type": "LOCATION", "attrs": [], "annots": [[2, 6], [146, 154], [185, 193], [302, 310], [489, 493], [511, 527], [568, 575], [580, 588], [588, 589], [592, 600], [688, 692], [702, 710], [771, 780], [919, 923], [970, 981], [1073, 1089], [1186, 1190], [1242, 1253], [1415, 1419], [1436, 1447], [1470, 1474]], "hasSpan": true}, {"hasID": false, "type": "PERSON", "attrs": [], "annots": [[45, 56], [623, 636], [1151, 1165], [1263, 1274], [1370, 1374]], "hasSpan": true}], "version": 2, "metadata": {"phasesDone": ["tokenize", "tag", "zone"]}}