{"signal": "Scientists at the European Organization for Nuclear Research, better\nknown by its French acronym, CERN, are planning to send a beam of\nparticles racing around the 27-kilometer ring of the Large Hadron\nCollider for the first time. \n\nThe LHC, as it's known, is the world's most powerful particle\naccelerator. CERN physicist Tejinder Virdee says it's designed to\nexplore some of the most fundamental questions in physics. \n\n\"At the end of this, it is possible that our view of nature, of how\nthe nature works at the fundamental level, would be altered in the\nsame way, for example, that Einstein had altered our view of space and\ntime about 100 years ago,\" he said. \"So the scientific results could\nbe extremely important.\" \n\nThe Large Hadron Collider is housed in a circular tunnel, buried under\nthe French-Swiss border just outside Geneva. \n\nBeams of subatomic protons and other particles will zip around the\nring, accelerated up to nearly the speed of light by some 1,800\nsuperconducting magnet systems. \n\nProtons will reach an energy level of 7 trillion electron volts, seven\ntimes more powerful than in any existing accelerator. The project has\ncost an estimated $5.8 billion. \n\nWhen the LHC goes into full operation, scientists will aim beams of\nparticles directly at each other. When particles collide - up to 600\nmillion times a second - special sensors will detect and record the\ncollisions, and a network of computers will analyze the vast amount of\ndata generated. \n\nIt's designed in part to mimic conditions present at the beginning of\nthe universe, the Big Bang, almost 15 billion years ago. \n\nResearchers will also be looking for a subatomic particle known as the\nHiggs Boson. The Standard Model of particle physics predicts that it\nexists, but it has never been seen. CERN physicist Mike Seymour says\nthe elusive Higgs Boson has a nickname that conveys its importance. \n\n\"People call it 'God's particle' because it really has a very\nimportant central role in our whole theory of what everything is made\nof, of matter,\" Seymour explained. \"Because without the Higgs particle\nwe wouldn't be able to understand why any of the elementary particles\nhave masses. The more we discover about the Higgs mechanism, the more\nwe will understand about the dynamics of the early universe.\" \n\nAs scientists and technicians prepare to send a particle beam all the\nway around the LHC, some critics have wondered whether attempts to\nreproduce conditions at the beginning of the universe may create a\nblack hole that could destroy the Earth. \n\nA CERN team that studied the matter concluded there was no danger of\nthat happening, and lawsuits filed by opponents have not succeeded in\nstopping work on the LHC. \n\nCERN physicist John Ellis says simply, the skeptics are wrong. \"LHC is\nonly going to reproduce what nature does every second, it has been\ndoing for billions of years, and all of these astronomical bodies\nincluding the earth and the sun, they are still here. So there really\nis no problem.\" \n\nWell, let's hope not. The first beam of particles is set to make that\n27-kilometer trip around the Large Hadron Collider on Wednesday. \n", "asets": [{"hasID": false, "type": "lex", "attrs": [], "annots": [[0, 10], [11, 13], [14, 17], [18, 26], [27, 39], [40, 43], [44, 51], [52, 60], [60, 61], [62, 68], [69, 74], [75, 77], [78, 81], [82, 88], [89, 96], [96, 97], [98, 102], [102, 103], [104, 107], [108, 116], [117, 119], [120, 124], [125, 126], [127, 131], [132, 134], [135, 144], [145, 151], [152, 158], [159, 162], [163, 165], [165, 175], [176, 180], [181, 183], [184, 187], [188, 193], [194, 200], [201, 209], [210, 213], [214, 217], [218, 223], [224, 228], [228, 229], [232, 235], [236, 239], [239, 240], [241, 243], [244, 246], [246, 248], [249, 254], [254, 255], [256, 258], [259, 262], [263, 268], [268, 270], [271, 275], [276, 284], [285, 293], [294, 305], [305, 306], [307, 311], [312, 321], [322, 330], [331, 337], [338, 342], [343, 345], [345, 347], [348, 356], [357, 359], [360, 367], [368, 372], [373, 375], [376, 379], [380, 384], [385, 396], [397, 406], [407, 409], [410, 417], [417, 418], [421, 422], [422, 424], [425, 428], [429, 432], [433, 435], [436, 440], [440, 441], [442, 444], [445, 447], [448, 456], [457, 461], [462, 465], [466, 470], [471, 473], [474, 480], [480, 481], [482, 484], [485, 488], [489, 492], [493, 499], [500, 505], [506, 508], [509, 512], [513, 524], [525, 530], [530, 531], [532, 537], [538, 540], [541, 548], [549, 551], [552, 555], [556, 560], [561, 564], [564, 565], [566, 569], [570, 577], [577, 578], [579, 583], [584, 592], [593, 596], [597, 604], [605, 608], [609, 613], [614, 616], [617, 622], [623, 626], [627, 631], [632, 637], [638, 641], [642, 647], [648, 651], [651, 653], [654, 656], [657, 661], [661, 662], [663, 664], [664, 666], [667, 670], [671, 681], [682, 689], [690, 695], [696, 698], [699, 708], [709, 718], [718, 720], [723, 726], [727, 732], [733, 739], [740, 748], [749, 751], [752, 758], [759, 761], [762, 763], [764, 772], [773, 779], [779, 780], [781, 787], [788, 793], [794, 797], [798, 810], [811, 817], [818, 822], [823, 830], [831, 837], [837, 838], [841, 846], [847, 849], [850, 859], [860, 867], [868, 871], [872, 877], [878, 887], [888, 892], [893, 896], [897, 903], [904, 907], [908, 912], [912, 913], [914, 925], [926, 928], [929, 931], [932, 938], [939, 942], [943, 948], [949, 951], [952, 957], [958, 960], [961, 965], [966, 971], [972, 987], [988, 994], [995, 1002], [1002, 1003], [1006, 1013], [1014, 1018], [1019, 1024], [1025, 1027], [1028, 1034], [1035, 1040], [1041, 1043], [1044, 1045], [1046, 1054], [1055, 1063], [1064, 1069], [1069, 1070], [1071, 1076], [1077, 1082], [1083, 1087], [1088, 1096], [1097, 1101], [1102, 1104], [1105, 1108], [1109, 1117], [1118, 1129], [1129, 1130], [1131, 1134], [1135, 1142], [1143, 1146], [1147, 1151], [1152, 1154], [1155, 1164], [1165, 1169], [1170, 1177], [1177, 1178], [1181, 1185], [1186, 1189], [1190, 1193], [1194, 1198], [1199, 1203], [1204, 1208], [1209, 1218], [1218, 1219], [1220, 1230], [1231, 1235], [1236, 1239], [1240, 1245], [1246, 1248], [1249, 1258], [1259, 1267], [1268, 1270], [1271, 1275], [1276, 1281], [1281, 1282], [1283, 1287], [1288, 1297], [1298, 1305], [1306, 1307], [1308, 1310], [1311, 1313], [1314, 1317], [1318, 1325], [1326, 1331], [1332, 1333], [1334, 1340], [1341, 1342], [1343, 1350], [1351, 1358], [1359, 1363], [1364, 1370], [1371, 1374], [1375, 1381], [1382, 1385], [1386, 1396], [1396, 1397], [1398, 1401], [1402, 1403], [1404, 1411], [1412, 1414], [1415, 1424], [1425, 1429], [1430, 1437], [1438, 1441], [1442, 1446], [1447, 1453], [1454, 1456], [1457, 1461], [1462, 1471], [1471, 1472], [1475, 1477], [1477, 1479], [1480, 1488], [1489, 1491], [1492, 1496], [1497, 1499], [1500, 1505], [1506, 1516], [1517, 1524], [1525, 1527], [1528, 1531], [1532, 1541], [1542, 1544], [1545, 1548], [1549, 1557], [1557, 1558], [1559, 1562], [1563, 1566], [1567, 1571], [1571, 1572], [1573, 1579], [1580, 1582], [1583, 1590], [1591, 1596], [1597, 1600], [1600, 1601], [1604, 1615], [1616, 1620], [1621, 1625], [1626, 1628], [1629, 1636], [1637, 1640], [1641, 1642], [1643, 1652], [1653, 1661], [1662, 1667], [1668, 1670], [1671, 1674], [1675, 1680], [1681, 1686], [1686, 1687], [1688, 1691], [1692, 1700], [1701, 1706], [1707, 1709], [1710, 1718], [1719, 1726], [1727, 1735], [1736, 1740], [1741, 1743], [1744, 1750], [1750, 1751], [1752, 1755], [1756, 1758], [1759, 1762], [1763, 1768], [1769, 1773], [1774, 1778], [1778, 1779], [1780, 1784], [1785, 1794], [1795, 1799], [1800, 1807], [1808, 1812], [1813, 1816], [1817, 1824], [1825, 1830], [1831, 1836], [1837, 1840], [1841, 1842], [1843, 1851], [1852, 1856], [1857, 1864], [1865, 1868], [1869, 1879], [1879, 1880], [1883, 1884], [1884, 1890], [1891, 1895], [1896, 1898], [1899, 1900], [1900, 1903], [1903, 1905], [1906, 1914], [1914, 1915], [1916, 1923], [1924, 1926], [1927, 1933], [1934, 1937], [1938, 1939], [1940, 1944], [1945, 1954], [1955, 1962], [1963, 1967], [1968, 1970], [1971, 1974], [1975, 1980], [1981, 1987], [1988, 1990], [1991, 1995], [1996, 2006], [2007, 2009], [2010, 2014], [2015, 2017], [2017, 2018], [2019, 2021], [2022, 2028], [2028, 2030], [2031, 2038], [2039, 2048], [2048, 2049], [2050, 2051], [2051, 2058], [2059, 2066], [2067, 2070], [2071, 2076], [2077, 2085], [2086, 2088], [2089, 2095], [2095, 2096], [2096, 2097], [2098, 2100], [2101, 2105], [2106, 2108], [2109, 2119], [2120, 2123], [2124, 2127], [2128, 2130], [2131, 2134], [2135, 2145], [2146, 2155], [2156, 2160], [2161, 2167], [2167, 2168], [2169, 2172], [2173, 2177], [2178, 2180], [2181, 2189], [2190, 2195], [2196, 2199], [2200, 2205], [2206, 2215], [2215, 2216], [2217, 2220], [2221, 2225], [2226, 2228], [2229, 2233], [2234, 2244], [2245, 2250], [2251, 2254], [2255, 2263], [2264, 2266], [2267, 2270], [2271, 2276], [2277, 2285], [2285, 2287], [2290, 2292], [2293, 2303], [2304, 2307], [2308, 2319], [2320, 2327], [2328, 2330], [2331, 2335], [2336, 2337], [2338, 2346], [2347, 2351], [2352, 2355], [2356, 2359], [2360, 2363], [2364, 2370], [2371, 2374], [2375, 2378], [2378, 2379], [2380, 2384], [2385, 2392], [2393, 2397], [2398, 2406], [2407, 2414], [2415, 2423], [2424, 2426], [2427, 2436], [2437, 2447], [2448, 2450], [2451, 2454], [2455, 2464], [2465, 2467], [2468, 2471], [2472, 2480], [2481, 2484], [2485, 2491], [2492, 2493], [2494, 2499], [2500, 2504], [2505, 2509], [2510, 2515], [2516, 2523], [2524, 2527], [2528, 2533], [2533, 2534], [2537, 2538], [2539, 2543], [2544, 2548], [2549, 2553], [2554, 2561], [2562, 2565], [2566, 2572], [2573, 2582], [2583, 2588], [2589, 2592], [2593, 2595], [2596, 2602], [2603, 2605], [2606, 2610], [2611, 2620], [2620, 2621], [2622, 2625], [2626, 2634], [2635, 2640], [2641, 2643], [2644, 2653], [2654, 2658], [2659, 2662], [2663, 2672], [2673, 2675], [2676, 2684], [2685, 2689], [2690, 2692], [2693, 2696], [2697, 2700], [2700, 2701], [2704, 2708], [2709, 2718], [2719, 2723], [2724, 2729], [2730, 2734], [2735, 2741], [2741, 2742], [2743, 2746], [2747, 2755], [2756, 2759], [2760, 2765], [2765, 2766], [2767, 2768], [2768, 2771], [2772, 2774], [2775, 2779], [2780, 2785], [2786, 2788], [2789, 2798], [2799, 2803], [2804, 2810], [2811, 2815], [2816, 2821], [2822, 2828], [2828, 2829], [2830, 2832], [2833, 2836], [2837, 2841], [2842, 2847], [2848, 2851], [2852, 2860], [2861, 2863], [2864, 2869], [2869, 2870], [2871, 2874], [2875, 2878], [2879, 2881], [2882, 2887], [2888, 2900], [2901, 2907], [2908, 2917], [2918, 2921], [2922, 2927], [2928, 2931], [2932, 2935], [2936, 2939], [2939, 2940], [2941, 2945], [2946, 2949], [2950, 2955], [2956, 2960], [2960, 2961], [2962, 2964], [2965, 2970], [2971, 2977], [2978, 2980], [2981, 2983], [2984, 2991], [2991, 2993], [2996, 3000], [3000, 3001], [3002, 3005], [3005, 3007], [3008, 3012], [3013, 3016], [3016, 3017], [3018, 3021], [3022, 3027], [3028, 3032], [3033, 3035], [3036, 3045], [3046, 3048], [3049, 3052], [3053, 3055], [3056, 3060], [3061, 3065], [3066, 3068], [3068, 3078], [3079, 3083], [3084, 3090], [3091, 3094], [3095, 3100], [3101, 3107], [3108, 3116], [3117, 3119], [3120, 3129], [3129, 3130]], "hasSpan": true}, {"hasID": false, "type": "ORGANIZATION", "attrs": [], "annots": [[18, 39], [98, 102], [236, 239], [1190, 1193], [1563, 1571], [1671, 1687], [1692, 1706], [1817, 1836], [2375, 2378], [2528, 2543], [2768, 2771], [2996, 3000]], "hasSpan": true}, {"hasID": false, "type": "LOCATION", "attrs": [], "annots": [[831, 837], [2697, 2701]], "hasSpan": true}, {"hasID": false, "type": "SEGMENT", "attrs": [{"type": "string", "name": "status"}, {"type": "string", "name": "annotator"}], "annots": [[0, 3132, "reconciled", "GOLD_STANDARD"]], "hasSpan": true}, {"hasID": false, "type": "PERSON", "attrs": [], "annots": [[188, 209], [322, 337], [584, 592], [727, 748], [1006, 1013], [1800, 1807], [2031, 2038], [2719, 2729], [3095, 3116]], "hasSpan": true}, {"hasID": false, "type": "zone", "attrs": [{"type": "string", "name": "region_type"}], "annots": [[0, 3132, "body"]], "hasSpan": true}], "version": 2, "metadata": {"phasesDone": ["tokenize", "tag", "zone"]}}