{"signal": "Michigan State University researcher Naomi Breslau and her colleagues\nneeded to determine whether any psychiatric problems might be due to\nbiology, not to environment. So they looked at children from two\ndisparate communities. \n\n\"One is inner-city children, mostly minority, black, and\ndisadvantaged,\" she explains. \"And another community which was a\nmiddle-class, suburban, mainly white.\" \n\nThe study started in 1990. Breslau and her colleagues followed\nhundreds of children for close to 15 years. They asked mothers and\nteachers of the children to describe the kinds of problems these\nchildren were having. It turns out, the mothers and teachers reported\nthat the low birth weight children did tend to have more problems than\nnormal birth weight children. \n\n\"The children of low birth weight had lower scores and academic\nachievement in math and reading, and lower score on cognitive\nabilities,\" Breslau says. \"We also found problems with what we call\ninternalizing, namely depressive, anxious kids, or externalizing,\nnamely acting out kids. But there were modest effects in both\ncommunities, equally.\" \n\nThe researchers did find one significant difference between the two\ngroups. Low birth weight kids from disadvantaged communities were more\nhyperactive and had more difficulty paying attention than low birth\nweight kids in more affluent communities. \n\nBreslau says teachers and parents need to help these low birth weight\nchildren overcome some of their psychiatric difficulties so they can\ndo better in the classroom. Now she's studying how the ability to pay\nattention affects a child's success in school. \n\nHer research is published in the Archives of General Psychiatry.\n", "asets": [{"hasID": false, "type": "lex", "attrs": [], "annots": [[0, 8], [9, 14], [15, 25], [26, 36], [37, 42], [43, 50], [51, 54], [55, 58], [59, 69], [70, 76], [77, 79], [80, 89], [90, 97], [98, 101], [102, 113], [114, 122], [123, 128], [129, 131], [132, 135], [136, 138], [139, 146], [146, 147], [148, 151], [152, 154], [155, 166], [166, 167], [168, 170], [171, 175], [176, 182], [183, 185], [186, 194], [195, 199], [200, 203], [204, 213], [214, 225], [225, 226], [229, 230], [230, 233], [234, 236], [237, 247], [248, 256], [256, 257], [258, 264], [265, 273], [273, 274], [275, 280], [280, 281], [282, 285], [286, 299], [299, 301], [302, 305], [306, 314], [314, 315], [316, 317], [317, 320], [321, 328], [329, 338], [339, 344], [345, 348], [349, 350], [351, 363], [363, 364], [365, 373], [373, 374], [375, 381], [382, 387], [387, 389], [392, 395], [396, 401], [402, 409], [410, 412], [413, 417], [417, 418], [419, 426], [427, 430], [431, 434], [435, 445], [446, 454], [455, 463], [464, 466], [467, 475], [476, 479], [480, 485], [486, 488], [489, 491], [492, 497], [497, 498], [499, 503], [504, 509], [510, 517], [518, 521], [522, 530], [531, 533], [534, 537], [538, 546], [547, 549], [550, 558], [559, 562], [563, 568], [569, 571], [572, 580], [581, 586], [587, 595], [596, 600], [601, 607], [607, 608], [609, 611], [612, 617], [618, 621], [621, 622], [623, 626], [627, 634], [635, 638], [639, 647], [648, 656], [657, 661], [662, 665], [666, 669], [670, 675], [676, 682], [683, 691], [692, 695], [696, 700], [701, 703], [704, 708], [709, 713], [714, 722], [723, 727], [728, 734], [735, 740], [741, 747], [748, 756], [756, 757], [760, 761], [761, 764], [765, 773], [774, 776], [777, 780], [781, 786], [787, 793], [794, 797], [798, 803], [804, 810], [811, 814], [815, 823], [824, 835], [836, 838], [839, 843], [844, 847], [848, 855], [855, 856], [857, 860], [861, 866], [867, 872], [873, 875], [876, 885], [886, 895], [895, 897], [898, 905], [906, 910], [910, 911], [912, 913], [913, 915], [916, 920], [921, 926], [927, 935], [936, 940], [941, 945], [946, 948], [949, 953], [954, 967], [967, 968], [969, 975], [976, 986], [986, 987], [988, 995], [996, 1000], [1000, 1001], [1002, 1004], [1005, 1018], [1018, 1019], [1020, 1026], [1027, 1033], [1034, 1037], [1038, 1042], [1042, 1043], [1044, 1047], [1048, 1053], [1054, 1058], [1059, 1065], [1066, 1073], [1074, 1076], [1077, 1081], [1082, 1093], [1093, 1094], [1095, 1102], [1102, 1104], [1107, 1110], [1111, 1122], [1123, 1126], [1127, 1131], [1132, 1135], [1136, 1147], [1148, 1158], [1159, 1166], [1167, 1170], [1171, 1174], [1175, 1181], [1181, 1182], [1183, 1186], [1187, 1192], [1193, 1199], [1200, 1204], [1205, 1209], [1210, 1223], [1224, 1235], [1236, 1240], [1241, 1245], [1246, 1257], [1258, 1261], [1262, 1265], [1266, 1270], [1271, 1281], [1282, 1288], [1289, 1298], [1299, 1303], [1304, 1307], [1308, 1313], [1314, 1320], [1321, 1325], [1326, 1328], [1329, 1333], [1334, 1342], [1343, 1354], [1354, 1355], [1358, 1365], [1366, 1370], [1371, 1379], [1380, 1383], [1384, 1391], [1392, 1396], [1397, 1399], [1400, 1404], [1405, 1410], [1411, 1414], [1415, 1420], [1421, 1427], [1428, 1436], [1437, 1445], [1446, 1450], [1451, 1453], [1454, 1459], [1460, 1471], [1472, 1484], [1485, 1487], [1488, 1492], [1493, 1496], [1497, 1499], [1500, 1506], [1507, 1509], [1510, 1513], [1514, 1523], [1523, 1524], [1525, 1528], [1529, 1532], [1532, 1534], [1535, 1543], [1544, 1547], [1548, 1551], [1552, 1559], [1560, 1562], [1563, 1566], [1567, 1576], [1577, 1584], [1585, 1586], [1587, 1592], [1592, 1594], [1595, 1602], [1603, 1605], [1606, 1612], [1612, 1613], [1616, 1619], [1620, 1628], [1629, 1631], [1632, 1641], [1642, 1644], [1645, 1648], [1649, 1657], [1658, 1660], [1661, 1668], [1669, 1679], [1679, 1680]], "hasSpan": true}, {"hasID": false, "type": "zone", "attrs": [{"type": "string", "name": "region_type"}], "annots": [[0, 1681, "body"]], "hasSpan": true}, {"hasID": false, "type": "ORGANIZATION", "attrs": [], "annots": [[0, 25], [1661, 1679]], "hasSpan": true}, {"hasID": false, "type": "PERSON", "attrs": [], "annots": [[43, 50], [419, 426], [898, 905], [1183, 1186], [1358, 1365]], "hasSpan": true}, {"hasID": false, "type": "SEGMENT", "attrs": [{"type": "string", "name": "status"}, {"type": "string", "name": "annotator"}], "annots": [[0, 1681, "reconciled", "GOLD_STANDARD"]], "hasSpan": true}], "version": 2, "metadata": {"phasesDone": ["tokenize", "tag", "zone"]}}