{"signal": "An American newspaper says U.S. and Pakistani officials are shifting\ntactics in their search for al-Qaida leader Osama bin Laden,\nintensifying the use of unmanned, but lethal, spy planes in western\nPakistan. \n\nThe Washington Post Wednesday quotes the officials as saying the\nnumber of missile attacks by pilotless Predator drones in Pakistan has\nmore than tripled in the past year. They say Pakistani officials\nreported 11 such strikes this year, compared to three strikes in\n2007. \n\nThe Post says officials involved in the operations call the attacks\npart of a renewed effort to cripple al-Qaida's central command. They\nsay officials are targeting top al-Qaida members in the hope that they\ncould lead authorities to bin Laden. \n\nThe Bush administration did not immediately comment on the report. But\nWhite House spokeswoman Dana Perino Wednesday said President Bush has\nnot given up on efforts to track down bin Laden and his followers. \n\nU.S. officials have said they suspect bin Laden and other al-Qaida\nleaders are hiding in Pakistan's tribal regions along the Afghan\nborder. \n\nThe United States has used drones to target militants along Pakistan's\nborder with Afghanistan in the past. \n\nSince late August there have been at least five suspected U.S. missile\nstrikes against militant targets in Pakistan's North and South\nWaziristan regions. Afghan, U.S. and NATO officials say the regions\nact as Taliban and al-Qaida sanctuaries. \n\nThe Post says U.S. officials attribute their failure to find bin Laden\nmostly to an inability to develop intelligence informants in\nPakistan's tribal regions. \n", "asets": [{"hasID": false, "type": "lex", "attrs": [], "annots": [[0, 2], [3, 11], [12, 21], [22, 26], [27, 31], [32, 35], [36, 45], [46, 55], [56, 59], [60, 68], [69, 76], [77, 79], [80, 85], [86, 92], [93, 96], [97, 105], [106, 112], [113, 118], [119, 122], [123, 128], [128, 129], [130, 142], [143, 146], [147, 150], [151, 153], [154, 162], [162, 163], [164, 167], [168, 174], [174, 175], [176, 179], [180, 186], [187, 189], [190, 197], [198, 206], [206, 207], [210, 213], [214, 224], [225, 229], [230, 239], [240, 246], [247, 250], [251, 260], [261, 263], [264, 270], [271, 274], [275, 281], [282, 284], [285, 292], [293, 300], [301, 303], [304, 313], [314, 322], [323, 329], [330, 332], [333, 341], [342, 345], [346, 350], [351, 355], [356, 363], [364, 366], [367, 370], [371, 375], [376, 380], [380, 381], [382, 386], [387, 390], [391, 400], [401, 410], [411, 419], [420, 422], [423, 427], [428, 435], [436, 440], [441, 445], [445, 446], [447, 455], [456, 458], [459, 464], [465, 472], [473, 475], [476, 480], [480, 481], [484, 487], [488, 492], [493, 497], [498, 507], [508, 516], [517, 519], [520, 523], [524, 534], [535, 539], [540, 543], [544, 551], [552, 556], [557, 559], [560, 561], [562, 569], [570, 576], [577, 579], [580, 587], [588, 596], [596, 598], [599, 606], [607, 614], [614, 615], [616, 620], [621, 624], [625, 634], [635, 638], [639, 648], [649, 652], [653, 661], [662, 669], [670, 672], [673, 676], [677, 681], [682, 686], [687, 691], [692, 697], [698, 702], [703, 714], [715, 717], [718, 721], [722, 727], [727, 728], [731, 734], [735, 739], [740, 754], [755, 758], [759, 762], [763, 774], [775, 782], [783, 785], [786, 789], [790, 796], [796, 797], [798, 801], [802, 807], [808, 813], [814, 825], [826, 830], [831, 837], [838, 847], [848, 852], [853, 862], [863, 867], [868, 871], [872, 875], [876, 881], [882, 884], [885, 887], [888, 895], [896, 898], [899, 904], [905, 909], [910, 913], [914, 919], [920, 923], [924, 927], [928, 937], [937, 938], [941, 945], [946, 955], [956, 960], [961, 965], [966, 970], [971, 978], [979, 982], [983, 988], [989, 992], [993, 998], [999, 1007], [1008, 1015], [1016, 1019], [1020, 1026], [1027, 1029], [1030, 1038], [1038, 1040], [1041, 1047], [1048, 1055], [1056, 1061], [1062, 1065], [1066, 1072], [1073, 1079], [1079, 1080], [1083, 1086], [1087, 1093], [1094, 1100], [1101, 1104], [1105, 1109], [1110, 1116], [1117, 1119], [1120, 1126], [1127, 1136], [1137, 1142], [1143, 1151], [1151, 1153], [1154, 1160], [1161, 1165], [1166, 1177], [1178, 1180], [1181, 1184], [1185, 1189], [1189, 1190], [1193, 1198], [1199, 1203], [1204, 1210], [1211, 1216], [1217, 1221], [1222, 1226], [1227, 1229], [1230, 1235], [1236, 1240], [1241, 1250], [1251, 1255], [1256, 1263], [1264, 1271], [1272, 1279], [1280, 1288], [1289, 1296], [1297, 1299], [1300, 1308], [1308, 1310], [1311, 1316], [1317, 1320], [1321, 1326], [1327, 1337], [1338, 1345], [1345, 1346], [1347, 1353], [1353, 1354], [1355, 1359], [1360, 1363], [1364, 1368], [1369, 1378], [1379, 1382], [1383, 1386], [1387, 1394], [1395, 1398], [1399, 1401], [1402, 1409], [1410, 1413], [1414, 1422], [1423, 1434], [1434, 1435], [1438, 1441], [1442, 1446], [1447, 1451], [1452, 1456], [1457, 1466], [1467, 1476], [1477, 1482], [1483, 1490], [1491, 1493], [1494, 1498], [1499, 1502], [1503, 1508], [1509, 1515], [1516, 1518], [1519, 1521], [1522, 1531], [1532, 1534], [1535, 1542], [1543, 1555], [1556, 1566], [1567, 1569], [1570, 1578], [1578, 1580], [1581, 1587], [1588, 1595], [1595, 1596]], "hasSpan": true}, {"hasID": false, "type": "SEGMENT", "attrs": [{"type": "string", "name": "status"}, {"type": "string", "name": "annotator"}], "annots": [[0, 1598, "reconciled", "GOLD_STANDARD"]], "hasSpan": true}, {"hasID": false, "type": "zone", "attrs": [{"type": "string", "name": "region_type"}], "annots": [[0, 1598, "body"]], "hasSpan": true}, {"hasID": false, "type": "ORGANIZATION", "attrs": [], "annots": [[790, 797], [802, 813], [1066, 1080], [1311, 1337], [1364, 1368], [1452, 1456]], "hasSpan": true}, {"hasID": false, "type": "LOCATION", "attrs": [], "annots": [[27, 31], [36, 45], [198, 207], [214, 224], [333, 341], [391, 400], [588, 596], [722, 728], [831, 837], [914, 919], [941, 945], [983, 988], [1030, 1038], [1087, 1100], [1143, 1151], [1166, 1177], [1251, 1255], [1300, 1308], [1355, 1359], [1402, 1409], [1414, 1422], [1570, 1578]], "hasSpan": true}, {"hasID": false, "type": "PERSON", "attrs": [], "annots": [[113, 128], [735, 739], [863, 867], [1347, 1353]], "hasSpan": true}], "version": 2, "metadata": {"phasesDone": ["tokenize", "tag", "zone"]}}