{"signal": "Zimbabwean political leaders are set to hold a fourth day of\npower-sharing talks Thursday, and it remains unclear how close they\nare to a deal. \n\nAt the end of Wednesday's talks in the capital, Harare, President\nRobert Mugabe called the progress \"encouraging\" and said he hopes all\nparties will sign an agreement Friday. \n\nMain opposition leader Morgan Tsvangirai said there is very little\nwork left to do in the negotiations. \n\nBut the state-run Herald newspaper reports Thursday that little\nprogress was made in Wednesday's talks, and that prospects for a deal\nthis week appear \"slim.\" \n\nThe sides are stuck on the question of how President Mugabe and\nTsvangirai would divide power in a national unity government. \n\nSouth African President Thabo Mbeki is mediating the talks under a\nmandate from the Southern African Development Community. \n\nMr. Mbeki put off a planned trip to Swaziland for a second day\nThursday so he can stay in Harare. The South African president had\nbeen scheduled to report on the talks to the SADC's security\ncommittee. \n\nThe talks appeared deadlocked a week ago, after Tsvangirai rejected a\nproposal that would have given him a largely ceremonial post as prime\nminister. \n\nDespite this week's progress, The Herald says Mr. Mugabe has warned he\nwill form a new government by the end the week no matter what\ntranspires in the negotiations. \n\nTsvangirai's party, the Movement for Democratic Change, gained control\nof parliament in the March parliamentary elections, and he won more\nvotes than Mr. Mugabe in the presidential poll. \n\nBut official results showed Tsvangirai falling short of a majority,\nand he boycotted a runoff presidential election because of\nstate-sponsored attacks on his supporters. \n\nMr. Mugabe won the uncontested runoff, extending his nearly 30-year\nrule. \n\nThe parties are under international pressure to reach a power-sharing\ndeal so Zimbabwe can begin recovering from its deep economic\ncrisis. The country is suffering food and fuel shortages that have\nhelped drive up inflation to an estimated 11 million percent. \n", "asets": [{"hasID": false, "type": "LOCATION", "attrs": [], "annots": [[654, 664], [880, 889], [934, 940], [1882, 1890]], "hasSpan": true}, {"hasID": false, "type": "zone", "attrs": [{"type": "string", "name": "region_type"}], "annots": [[0, 2065, "body"]], "hasSpan": true}, {"hasID": false, "type": "ORGANIZATION", "attrs": [], "annots": [[447, 453], [802, 841], [1019, 1023], [1096, 1106], [1234, 1240]], "hasSpan": true}, {"hasID": false, "type": "PERSON", "attrs": [], "annots": [[194, 200], [212, 225], [346, 363], [643, 649], [742, 753], [848, 853], [1250, 1256], [1367, 1377], [1521, 1527], [1732, 1738]], "hasSpan": true}, {"hasID": false, "type": "lex", "attrs": [], "annots": [[0, 10], [11, 20], [21, 28], [29, 32], [33, 36], [37, 39], [40, 44], [45, 46], [47, 53], [54, 57], [58, 60], [61, 74], [75, 80], [81, 89], [89, 90], [91, 94], [95, 97], [98, 105], [106, 113], [114, 117], [118, 123], [124, 128], [129, 132], [133, 135], [136, 137], [138, 142], [142, 143], [146, 148], [149, 152], [153, 156], [157, 159], [160, 169], [169, 171], [172, 177], [178, 180], [181, 184], [185, 192], [192, 193], [194, 200], [200, 201], [202, 211], [212, 218], [219, 225], [226, 232], [233, 236], [237, 245], [246, 247], [247, 258], [258, 259], [260, 263], [264, 268], [269, 271], [272, 277], [278, 281], [282, 289], [290, 294], [295, 299], [300, 302], [303, 312], [313, 319], [319, 320], [323, 327], [328, 338], [339, 345], [346, 352], [353, 363], [364, 368], [369, 374], [375, 377], [378, 382], [383, 389], [390, 394], [395, 399], [400, 402], [403, 405], [406, 408], [409, 412], [413, 425], [425, 426], [429, 432], [433, 436], [437, 446], [447, 453], [454, 463], [464, 471], [472, 480], [481, 485], [486, 492], [493, 501], [502, 505], [506, 510], [511, 513], [514, 523], [523, 525], [526, 531], [531, 532], [533, 536], [537, 541], [542, 551], [552, 555], [556, 557], [558, 562], [563, 567], [568, 572], [573, 579], [580, 581], [581, 585], [585, 587], [590, 593], [594, 599], [600, 603], [604, 609], [610, 612], [613, 616], [617, 625], [626, 628], [629, 632], [633, 642], [643, 649], [650, 653], [654, 664], [665, 670], [671, 677], [678, 683], [684, 686], [687, 688], [689, 697], [698, 703], [704, 714], [714, 715], [718, 723], [724, 731], [732, 741], [742, 747], [748, 753], [754, 756], [757, 766], [767, 770], [771, 776], [777, 782], [783, 784], [785, 792], [793, 797], [798, 801], [802, 810], [811, 818], [819, 830], [831, 840], [840, 841], [844, 847], [848, 853], [854, 857], [858, 861], [862, 863], [864, 871], [872, 876], [877, 879], [880, 889], [890, 893], [894, 895], [896, 902], [903, 906], [907, 915], [916, 918], [919, 921], [922, 925], [926, 930], [931, 933], [934, 940], [940, 941], [942, 945], [946, 951], [952, 959], [960, 969], [970, 973], [974, 978], [979, 988], [989, 991], [992, 998], [999, 1001], [1002, 1005], [1006, 1011], [1012, 1014], [1015, 1018], [1019, 1023], [1023, 1025], [1026, 1034], [1035, 1044], [1044, 1045], [1048, 1051], [1052, 1057], [1058, 1066], [1067, 1077], [1078, 1079], [1080, 1084], [1085, 1088], [1088, 1089], [1090, 1095], [1096, 1106], [1107, 1115], [1116, 1117], [1118, 1126], [1127, 1131], [1132, 1137], [1138, 1142], [1143, 1148], [1149, 1152], [1153, 1154], [1155, 1162], [1163, 1173], [1174, 1178], [1179, 1181], [1182, 1187], [1188, 1196], [1196, 1197], [1200, 1207], [1208, 1212], [1213, 1217], [1217, 1219], [1220, 1228], [1228, 1229], [1230, 1233], [1234, 1240], [1241, 1245], [1246, 1249], [1250, 1256], [1257, 1260], [1261, 1267], [1268, 1270], [1271, 1275], [1276, 1280], [1281, 1282], [1283, 1286], [1287, 1297], [1298, 1300], [1301, 1304], [1305, 1308], [1309, 1312], [1313, 1317], [1318, 1320], [1321, 1327], [1328, 1332], [1333, 1343], [1344, 1346], [1347, 1350], [1351, 1363], [1363, 1364], [1367, 1377], [1377, 1379], [1380, 1385], [1385, 1386], [1387, 1390], [1391, 1399], [1400, 1403], [1404, 1414], [1415, 1421], [1421, 1422], [1423, 1429], [1430, 1437], [1438, 1440], [1441, 1451], [1452, 1454], [1455, 1458], [1459, 1464], [1465, 1478], [1479, 1488], [1488, 1489], [1490, 1493], [1494, 1496], [1497, 1500], [1501, 1505], [1506, 1511], [1512, 1516], [1517, 1520], [1521, 1527], [1528, 1530], [1531, 1534], [1535, 1547], [1548, 1552], [1552, 1553], [1556, 1559], [1560, 1568], [1569, 1576], [1577, 1583], [1584, 1594], [1595, 1602], [1603, 1608], [1609, 1611], [1612, 1613], [1614, 1622], [1622, 1623], [1624, 1627], [1628, 1630], [1631, 1640], [1641, 1642], [1643, 1649], [1650, 1662], [1663, 1671], [1672, 1679], [1680, 1682], [1683, 1698], [1699, 1706], [1707, 1709], [1710, 1713], [1714, 1724], [1724, 1725], [1728, 1731], [1732, 1738], [1739, 1742], [1743, 1746], [1747, 1758], [1759, 1765], [1765, 1766], [1767, 1776], [1777, 1780], [1781, 1787], [1788, 1790], [1790, 1795], [1796, 1800], [1800, 1801], [1804, 1807], [1808, 1815], [1816, 1819], [1820, 1825], [1826, 1839], [1840, 1848], [1849, 1851], [1852, 1857], [1858, 1859], [1860, 1873], [1874, 1878], [1879, 1881], [1882, 1890], [1891, 1894], [1895, 1900], [1901, 1911], [1912, 1916], [1917, 1920], [1921, 1925], [1926, 1934], [1935, 1941], [1941, 1942], [1943, 1946], [1947, 1954], [1955, 1957], [1958, 1967], [1968, 1972], [1973, 1976], [1977, 1981], [1982, 1991], [1992, 1996], [1997, 2001], [2002, 2008], [2009, 2014], [2015, 2017], [2018, 2027], [2028, 2030], [2031, 2033], [2034, 2043], [2044, 2046], [2047, 2054], [2055, 2062], [2062, 2063]], "hasSpan": true}, {"hasID": false, "type": "SEGMENT", "attrs": [{"type": "string", "name": "status"}, {"type": "string", "name": "annotator"}], "annots": [[0, 2065, "reconciled", "GOLD_STANDARD"]], "hasSpan": true}], "version": 2, "metadata": {"phasesDone": ["tokenize", "tag", "zone"]}}