{"signal": "A People's Power Party spokesman said Thursday a majority of its\nmembers backed Samak Sundaravej as prime minister. \n\nOn Tuesday, a constitutional court ruled that Mr. Samak must step down\nas prime minister because he had violated the national charter by\nhosting a television cooking show while in office. \n\nThe ruling, however, did not block his party from re-electing him\nprime minister. \n\nParliament is to vote on the nomination Friday.\n\nThe renomination could enrage anti-government protestors who demand he\nresign. Some political analysts and the business community also oppose\nMr. Samak's reappointment, fearing it could lead to violence or\neconomic damage. \n\n\"Samak is a bad idea,\" said Sunai Pasuk,a representative in Thailand\nfor Human Rights Watch. \"There are competent people inside the party -\nthere are other senior politicians who could have been nominated.\" \n\nThe PPP, which came to office after elections last December, leads a\nsix-party coalition government. \n\nThe coalition members pledge to stand by the PPP, despite weeks of\nanti-government protests, which have brought much of the country's\nadministration to a standstill. \n\nThe opposition, led the People's Alliance for Democracy, accuse\nMr. Samak and the PPP of acting for former Prime Minister Thaksin\nShinawatra, who was ousted in a coup two years ago. His critics\nconsider him corrupt and authoritarian. \n\nMr. Thaksin fled to Britain in August to avoid trial on corruption\ncharges. But Thai news media reported extensively Thursday that\nMr. Thaksin had told PPP leaders he wanted Mr. Samak to remain in\noffice. \n\nSunai says if that is true, it would indicate that Mr. Thaksin is\nchallenging the courts. \n\n\"I could only guess Thaksin might have felt that he and his party have\nbeen hard done by, by the judiciary so this is moment of defiance,\"\nadded Sunai. \n\nAlso Thursday, Thailand's army chief called on the government to\nrevoke the state of emergency that was imposed last week after clashes\nbetween pro-government and anti-government protestors. \n\nOpinion polls show a majority of voters favor new elections to end the\npolitical deadlock. \n", "asets": [{"hasID": false, "type": "zone", "attrs": [{"type": "string", "name": "region_type"}], "annots": [[0, 2120, "body"]], "hasSpan": true}, {"hasID": false, "type": "PERSON", "attrs": [], "annots": [[168, 173], [587, 592], [667, 672], [694, 705], [1214, 1219], [1268, 1286], [1386, 1393], [1517, 1524], [1560, 1565], [1589, 1594], [1644, 1651], [1701, 1708], [1826, 1832]], "hasSpan": true}, {"hasID": false, "type": "SEGMENT", "attrs": [{"type": "string", "name": "status"}, {"type": "string", "name": "annotator"}], "annots": [[0, 2120, "reconciled", "GOLD_STANDARD"]], "hasSpan": true}, {"hasID": false, "type": "ORGANIZATION", "attrs": [], "annots": [[2, 22], [86, 96], [879, 882], [1023, 1026], [1179, 1187], [1228, 1231], [1534, 1537]], "hasSpan": true}, {"hasID": false, "type": "LOCATION", "attrs": [], "annots": [[726, 734], [1402, 1409], [1850, 1858]], "hasSpan": true}, {"hasID": false, "type": "lex", "attrs": [], "annots": [[0, 1], [2, 8], [8, 10], [11, 16], [17, 22], [23, 32], [33, 37], [38, 46], [47, 48], [49, 57], [58, 60], [61, 64], [65, 72], [73, 79], [80, 85], [86, 96], [97, 99], [100, 105], [106, 114], [114, 115], [118, 120], [121, 128], [128, 129], [130, 131], [132, 146], [147, 152], [153, 158], [159, 163], [164, 167], [168, 173], [174, 178], [179, 183], [184, 188], [189, 191], [192, 197], [198, 206], [207, 214], [215, 217], [218, 221], [222, 230], [231, 234], [235, 243], [244, 251], [252, 254], [255, 262], [263, 264], [265, 275], [276, 283], [284, 288], [289, 294], [295, 297], [298, 304], [304, 305], [308, 311], [312, 318], [318, 319], [320, 327], [327, 328], [329, 332], [333, 336], [337, 342], [343, 346], [347, 352], [353, 357], [358, 369], [370, 373], [374, 379], [380, 388], [388, 389], [392, 402], [403, 405], [406, 408], [409, 413], [414, 416], [417, 420], [421, 431], [432, 438], [438, 439], [441, 444], [445, 457], [458, 463], [464, 470], [471, 486], [487, 497], [498, 501], [502, 508], [509, 511], [512, 518], [518, 519], [520, 524], [525, 534], [535, 543], [544, 547], [548, 551], [552, 560], [561, 570], [571, 575], [576, 582], [583, 586], [587, 592], [592, 594], [595, 608], [608, 609], [610, 617], [618, 620], [621, 626], [627, 631], [632, 634], [635, 643], [644, 646], [647, 655], [656, 662], [662, 663], [666, 667], [667, 672], [673, 675], [676, 677], [678, 681], [682, 686], [686, 688], [689, 693], [694, 699], [700, 705], [705, 706], [706, 707], [708, 722], [723, 725], [726, 734], [735, 738], [739, 744], [745, 751], [752, 757], [757, 758], [759, 760], [760, 765], [766, 769], [770, 779], [780, 786], [787, 793], [794, 797], [798, 803], [804, 805], [806, 811], [812, 815], [816, 821], [822, 828], [829, 840], [841, 844], [845, 850], [851, 855], [856, 860], [861, 870], [870, 872], [875, 878], [879, 882], [882, 883], [884, 889], [890, 894], [895, 897], [898, 904], [905, 910], [911, 920], [921, 925], [926, 934], [934, 935], [936, 941], [942, 943], [944, 953], [954, 963], [964, 974], [974, 975], [978, 981], [982, 991], [992, 999], [1000, 1006], [1007, 1009], [1010, 1015], [1016, 1018], [1019, 1022], [1023, 1026], [1026, 1027], [1028, 1035], [1036, 1041], [1042, 1044], [1045, 1060], [1061, 1069], [1069, 1070], [1071, 1076], [1077, 1081], [1082, 1089], [1090, 1094], [1095, 1097], [1098, 1101], [1102, 1109], [1109, 1111], [1112, 1126], [1127, 1129], [1130, 1131], [1132, 1142], [1142, 1143], [1146, 1149], [1150, 1160], [1160, 1161], [1162, 1165], [1166, 1169], [1170, 1176], [1176, 1178], [1179, 1187], [1188, 1191], [1192, 1201], [1201, 1202], [1203, 1209], [1210, 1213], [1214, 1219], [1220, 1223], [1224, 1227], [1228, 1231], [1232, 1234], [1235, 1241], [1242, 1245], [1246, 1252], [1253, 1258], [1259, 1267], [1268, 1275], [1276, 1286], [1286, 1287], [1288, 1291], [1292, 1295], [1296, 1302], [1303, 1305], [1306, 1307], [1308, 1312], [1313, 1316], [1317, 1322], [1323, 1326], [1326, 1327], [1328, 1331], [1332, 1339], [1340, 1348], [1349, 1352], [1353, 1360], [1361, 1364], [1365, 1378], [1378, 1379], [1382, 1385], [1386, 1393], [1394, 1398], [1399, 1401], [1402, 1409], [1410, 1412], [1413, 1419], [1420, 1422], [1423, 1428], [1429, 1434], [1435, 1437], [1438, 1448], [1449, 1456], [1456, 1457], [1458, 1461], [1462, 1466], [1467, 1471], [1472, 1477], [1478, 1486], [1487, 1498], [1499, 1507], [1508, 1512], [1513, 1516], [1517, 1524], [1525, 1528], [1529, 1533], [1534, 1537], [1538, 1545], [1546, 1548], [1549, 1555], [1556, 1559], [1560, 1565], [1566, 1568], [1569, 1575], [1576, 1578], [1579, 1585], [1585, 1586], [1589, 1594], [1595, 1599], [1600, 1602], [1603, 1607], [1608, 1610], [1611, 1615], [1615, 1616], [1617, 1619], [1620, 1625], [1626, 1634], [1635, 1639], [1640, 1643], [1644, 1651], [1652, 1654], [1655, 1666], [1667, 1670], [1671, 1677], [1677, 1678], [1681, 1682], [1682, 1683], [1684, 1689], [1690, 1694], [1695, 1700], [1701, 1708], [1709, 1714], [1715, 1719], [1720, 1724], [1725, 1729], [1730, 1732], [1733, 1736], [1737, 1740], [1741, 1746], [1747, 1751], [1752, 1756], [1757, 1761], [1762, 1766], [1767, 1769], [1769, 1770], [1771, 1773], [1774, 1777], [1778, 1787], [1788, 1790], [1791, 1795], [1796, 1798], [1799, 1805], [1806, 1808], [1809, 1817], [1817, 1819], [1820, 1825], [1826, 1831], [1831, 1832], [1835, 1839], [1840, 1848], [1848, 1849], [1850, 1858], [1858, 1860], [1861, 1865], [1866, 1871], [1872, 1878], [1879, 1881], [1882, 1885], [1886, 1896], [1897, 1899], [1900, 1906], [1907, 1910], [1911, 1916], [1917, 1919], [1920, 1929], [1930, 1934], [1935, 1938], [1939, 1946], [1947, 1951], [1952, 1956], [1957, 1962], [1963, 1970], [1971, 1978], [1979, 1993], [1994, 1997], [1998, 2013], [2014, 2024], [2024, 2025], [2028, 2035], [2036, 2041], [2042, 2046], [2047, 2048], [2049, 2057], [2058, 2060], [2061, 2067], [2068, 2073], [2074, 2077], [2078, 2087], [2088, 2090], [2091, 2094], [2095, 2098], [2099, 2108], [2109, 2117], [2117, 2118]], "hasSpan": true}], "version": 2, "metadata": {"phasesDone": ["tokenize", "tag", "zone"]}}