<__top><zone region_type="body"><lex>Residents</lex> <lex>along</lex> <lex>the</lex> <lex>coastal</lex> <lex>region</lex> <lex>of</lex> <lex>the</lex> <LOCATION><lex>southwestern</lex> <lex>U.S.</lex></LOCATION> <lex>state</lex> <lex>of</lex>
<lex><LOCATION>Texas</LOCATION></lex> <lex>have</lex> <lex>begun</lex> <lex>evacuating</lex> <lex>their</lex> <lex>homes</lex> <lex>to</lex> <lex>escape</lex> <lex>the</lex> <lex>potential</lex>
<lex>onslaught</lex> <lex>of</lex> <lex>Hurricane</lex> <lex>Ike</lex><lex>.</lex> 

<lex>The</lex> <lex>National</lex> <lex>Hurricane</lex> <lex>Center</lex> <lex>says</lex> <lex><PERSON>Ike</PERSON></lex> <lex>is</lex> <lex>traveling</lex> <lex>through</lex> <ORGANIZATION><lex>the</lex> <lex>Gulf</lex></ORGANIZATION>
<lex>of</lex> <lex>Mexico</lex> <lex>carrying</lex> <lex>maximum</lex> <lex>sustained</lex> <lex>winds</lex> <lex>of</lex> <lex>160</lex> <lex>kilometers</lex> <lex>an</lex> <lex>hour</lex><lex>,</lex>
<lex>making</lex> <lex>it</lex> <lex>a</lex> <lex>Category</lex> <lex>Two</lex> <lex>hurricane</lex><lex>.</lex>  <lex>Forecasters</lex> <lex>say</lex> <lex><ORGANIZATION>Ike</ORGANIZATION></lex> <lex>could</lex> <lex>evolve</lex>
<lex>into</lex> <lex>a</lex> <lex>much</lex> <lex>stronger</lex> <lex>Category</lex> <lex>Three</lex> <lex>storm</lex> <lex>later</lex> <lex>Thursday</lex> <lex>or</lex> <lex>Friday</lex><lex>.</lex>  

<lex>They</lex> <lex>say</lex> <lex>the</lex> <lex>center</lex> <lex>of</lex> <lex>the</lex> <lex>storm</lex> <lex>could</lex> <lex>hit</lex> <lex>the</lex> <lex><ORGANIZATION>northwestern</ORGANIZATION></lex> <lex>coast</lex> <lex>of</lex>
<ORGANIZATION><lex>the</lex> <lex>Gulf</lex></ORGANIZATION> <lex>of</lex> <lex><LOCATION>Mexico</LOCATION></lex> <lex>late</lex> <lex>Friday</lex><lex>.</lex> 

<lex>Authorities</lex> <lex>in</lex> <lex>the</lex> <lex>coastal</lex> <lex>city</lex> <lex>of</lex> <lex><LOCATION>Galveston</LOCATION></lex> <lex>have</lex> <lex>already</lex> <lex>issued</lex> <lex>a</lex>
<lex>mandatory</lex> <lex>evacuation</lex> <lex>order</lex><lex>,</lex> <lex>and</lex> <lex>have</lex> <lex>begun</lex> <lex>transporting</lex> <lex>ill</lex> <lex>and</lex>
<lex>elderly</lex> <lex>residents</lex> <lex>to</lex> <lex>temporary</lex> <lex>shelters</lex> <lex>in</lex> <lex>the</lex> <lex>cities</lex> <lex>of</lex> <LOCATION><lex>San</lex> <lex>Antonio</lex></LOCATION>
<lex>and</lex> <lex><LOCATION>Dallas</LOCATION></lex><lex>.</lex> 

<lex>President</lex> <PERSON><lex>George</lex> <lex>Bush</lex></PERSON> <lex>has</lex> <lex>declared</lex> <lex>a</lex> <lex>state</lex> <lex>of</lex> <lex>emergency</lex> <lex>in</lex> <lex><LOCATION>Texas</LOCATION></lex><lex>,</lex>
<lex>freeing</lex> <lex>up</lex> <lex>federal</lex> <lex>resources</lex> <lex>and</lex> <lex>allowing</lex> <lex>federal</lex> <lex>authorities</lex> <lex>to</lex>
<lex>coordinate</lex> <lex>disaster</lex> <lex>efforts</lex><lex>.</lex>  

<lex><LOCATION>Texas</LOCATION></lex> <lex>Governor</lex> <PERSON><lex>Rick</lex> <lex>Perry</lex></PERSON> <lex>declared</lex> <lex>88</lex> <lex>coastal</lex> <lex>counties</lex> <lex>as</lex> <lex>disaster</lex>
<lex>areas</lex><lex>.</lex>  

<lex>Oil</lex> <lex>companies</lex> <lex>are</lex> <lex>evacuating</lex> <lex>workers</lex> <lex>from</lex> <lex>their</lex> <lex>offshore</lex> <lex>drilling</lex>
<lex>platforms</lex><lex>.</lex>  

<lex><ORGANIZATION>Tropical</ORGANIZATION></lex> <lex>storm</lex> <lex>warnings</lex> <lex>have</lex> <lex>been</lex> <lex>issued</lex> <lex>for</lex> <lex>the</lex> <lex>coastal</lex> <lex>areas</lex> <lex>of</lex>
<LOCATION><lex>Mississippi</lex><lex>,</lex></LOCATION> <lex><LOCATION>Alabama</LOCATION></lex> <lex>and</lex> <lex><LOCATION>Louisiana</LOCATION></lex><lex>,</lex> <lex>including</lex> <LOCATION><lex>New</lex> <lex>Orleans</lex></LOCATION><lex>.</lex>  

<lex>The</lex> <lex>storm</lex> <lex>killed</lex> <lex>at</lex> <lex>least</lex> <lex>four</lex> <lex>people</lex> <lex>in</lex> <lex><LOCATION>Cuba</LOCATION></lex> <lex>and</lex> <lex>forced</lex> <lex>more</lex> <lex>than</lex> <lex>one</lex>
<lex>million</lex> <lex>people</lex> <lex>to</lex> <ORGANIZATION><lex>evacuate</lex><lex>.</lex></ORGANIZATION>  

<lex>In</lex> <lex><LOCATION>Haiti</LOCATION></lex><lex>,</lex> <lex>Ike</lex> <lex>killed</lex> <lex>about</lex> <lex>70</lex> <lex>people</lex><lex>,</lex> <lex>caused</lex> <lex>widespread</lex> <lex>flooding</lex> <lex>and</lex>
<lex>left</lex> <lex>residents</lex> <lex>desperate</lex> <lex>for</lex> <lex>food</lex> <lex>and</lex> <lex>water</lex><lex>.</lex>  <lex>Hundreds</lex> <lex>of</lex> <lex>people</lex> <lex>have</lex>
<lex>been</lex> <lex>killed</lex> <lex>in</lex> <lex><LOCATION>Haiti</LOCATION></lex> <lex>in</lex> <lex>storms</lex> <lex>in</lex> <lex>recent</lex> <lex>weeks</lex><lex>.</lex>   
</zone></__top>