<__top><zone region_type="body"><lex>Private</lex> <lex>sector</lex> <lex>intelligence</lex> <lex>analysts</lex> <lex>have</lex> <lex>made</lex> <lex>public</lex> <lex>for</lex> <lex>the</lex> <lex>first</lex>
<lex>time</lex> <lex>an</lex> <lex>apparent</lex> <lex>missile</lex> <lex>base</lex> <lex>in</lex> <LOCATION><lex>North</lex> <lex>Korea</lex></LOCATION><lex>.</lex> <lex>A</lex> <lex>report</lex> <lex>to</lex> <lex>be</lex> <lex>published</lex>
<lex>next</lex> <lex>week</lex> <lex>by</lex> <lex><PERSON>Jane</PERSON></lex><lex>'s</lex> <lex>Defense</lex> <lex>Weekly</lex> <lex>is</lex> <lex>expected</lex> <lex>to</lex> <lex>unveil</lex> <lex>satellite</lex>
<lex>images</lex> <lex>of</lex> <lex>the</lex> <lex>North</lex> <lex>Korean</lex> <lex>facility</lex> <lex>near</lex> <lex><LOCATION>Podong-ni</LOCATION></lex><lex>.</lex> <lex>Analysts</lex> <lex>say</lex> <lex>it</lex>
<lex>appears</lex> <lex>designed</lex> <lex>to</lex> <lex>accommodate</lex> <lex>test</lex> <lex>launches</lex> <lex>of</lex> <lex>long-range</lex> <lex>missiles</lex><lex>.</lex> 

<LOCATION><lex>North</lex> <lex>Korea</lex></LOCATION> <lex>has</lex> <lex>poured</lex> <lex>a</lex> <lex>large</lex> <lex>amount</lex> <lex>of</lex> <lex>its</lex> <lex>economic</lex> <lex>output</lex> <lex>into</lex>
<lex>missile</lex> <lex>development</lex> <lex>for</lex> <lex>decades</lex><lex>.</lex> <lex>It</lex> <lex>has</lex> <lex>about</lex> <lex>800</lex> <lex>missiles</lex> <lex>capable</lex> <lex>of</lex>
<lex>hitting</lex> <LOCATION><lex>South</lex> <lex>Korea</lex></LOCATION> <lex>and</lex> <lex><LOCATION>Japan</LOCATION></lex><lex>,</lex> <lex>and</lex> <lex>test-fired</lex> <lex>a</lex> <lex>missile</lex> <lex>directly</lex> <lex>over</lex>
<lex>Japanese</lex> <lex>territory</lex> <lex>in</lex> <lex>1998</lex><lex>.</lex> <LOCATION><lex>North</lex> <lex>Korea</lex></LOCATION> <lex>test-fired</lex> <lex>a</lex> <lex>long-range</lex>
<lex>missile</lex> <lex>in</lex> <lex>2006</lex><lex>,</lex> <lex>a</lex> <lex>few</lex> <lex>months</lex> <lex>before</lex> <lex>it</lex> <lex>conducted</lex> <lex>its</lex> <lex>first</lex> <lex>test</lex>
<lex>explosion</lex> <lex>of</lex> <lex>a</lex> <lex>nuclear</lex> <lex>weapon</lex><lex>.</lex> 

<PERSON><lex>David</lex> <lex>Asher</lex></PERSON> <lex>is</lex> <lex>a</lex> <lex>former</lex> <lex>coordinator</lex> <lex>of</lex> <LOCATION><lex>North</lex> <lex>Korea</lex></LOCATION> <lex>policy</lex> <lex>at</lex> <lex>the</lex>
<lex><LOCATION>U.S.</LOCATION></lex> <ORGANIZATION><lex>State</lex> <lex>Department</lex></ORGANIZATION><lex>.</lex> <lex>During</lex> <lex>a</lex> <lex>visit</lex> <lex>to</lex> <lex><LOCATION>Seoul</LOCATION></lex> <lex>this</lex> <lex>week</lex><lex>,</lex> <lex>he</lex> <lex>said</lex>
<lex>there</lex> <lex>are</lex> <lex>signs</lex> <LOCATION><lex>North</lex> <lex>Korea</lex></LOCATION> <lex>may</lex> <lex>be</lex> <lex>contemplating</lex> <lex>more</lex> <lex>missile</lex> <lex>tests</lex><lex>.</lex> 

<lex>"</lex><lex>Last</lex> <lex>week</lex> <lex>there</lex> <lex>was</lex> <lex>a</lex> <lex>statement</lex> <lex>by</lex> <lex>the</lex> <lex><ORGANIZATION>KCNA</ORGANIZATION></lex><lex>,</lex> <lex>the</lex> <lex><LOCATION>[North]</LOCATION></lex> <lex>Korean</lex> <lex>news</lex>
<lex>agency</lex> <lex>...</lex> <lex>it</lex> <lex>stated</lex> <lex>that</lex> <LOCATION><lex>North</lex> <lex>Korea</lex></LOCATION> <lex>has</lex> <lex>the</lex> <lex>right</lex> <lex>to</lex> <lex>test</lex> <lex>a</lex>
<lex>satellite</lex><lex>.</lex> <lex><PERSON>Well</PERSON></lex><lex>,</lex> <lex>this</lex> <lex>is</lex> <lex>exactly</lex> <lex>what</lex> <lex>they</lex> <lex>did</lex> <lex>before</lex> <lex>they</lex> <lex>tested</lex> <lex>the</lex>
<lex><ORGANIZATION>Taepodong</ORGANIZATION></lex> <lex>a</lex> <lex>few</lex> <lex>years</lex> <lex>ago</lex><lex>.</lex> <lex>And</lex> <lex>I</lex> <lex>would</lex> <lex>be</lex> <lex>very</lex> <lex>concerned</lex><lex>,</lex> <lex>personally</lex><lex>,</lex>
<lex>just</lex> <lex>based</lex> <lex>on</lex> <lex>that</lex><lex>,</lex> <lex>that</lex> <lex>they</lex> <lex>are</lex> <lex>going</lex> <lex>to</lex> <lex>do</lex> <lex>this</lex> <lex>again</lex><lex>,"</lex> <lex>said</lex>
<lex><ORGANIZATION>Asher</ORGANIZATION></lex><lex>.</lex> 

<lex>South</lex> <lex>Korean</lex> <lex>Defense</lex> <lex>Minister</lex> <PERSON><lex>Lee</lex> <lex>Sang-hee</lex></PERSON> <lex>was</lex> <lex>quoted</lex> <lex>in</lex> <lex>local</lex> <lex>media</lex>
<lex>as</lex> <lex>saying</lex> <lex>he</lex> <lex>is</lex> <lex>aware</lex> <lex>of</lex> <lex>the</lex> <lex>missile</lex> <lex>base</lex><lex>,</lex> <lex>and</lex> <lex>believes</lex> <lex>it</lex> <lex>is</lex> <lex>80</lex>
<lex>percent</lex> <lex>complete</lex><lex>.</lex> <lex>Defense</lex> <lex>Minister</lex> <lex><PERSON>Lee</PERSON></lex> <lex>was</lex> <lex>quoted</lex> <lex>as</lex> <lex>saying</lex> <lex>there</lex> <lex>have</lex>
<lex>been</lex> <lex>no</lex> <lex>unusual</lex> <lex>moves</lex> <lex>by</lex> <lex>the</lex> <lex><ORGANIZATION>North</ORGANIZATION></lex><lex>'s</lex> <lex>military</lex><lex>,</lex> <lex>amid</lex> <lex>the</lex> <lex>possibly</lex>
<lex>declining</lex> <lex>health</lex> <lex>of</lex> <lex>North</lex> <lex>Korean</lex> <lex>leader</lex> <PERSON><lex>Kim</lex> <lex>Jong</lex> <lex>Il</lex></PERSON><lex>.</lex> <LOCATION><lex>South</lex> <lex>Korea</lex></LOCATION> <lex>is</lex>
<lex>not</lex> <lex>taking</lex> <lex>any</lex> <lex>immediate</lex> <lex>steps</lex> <lex>to</lex> <lex>raise</lex> <lex>its</lex> <lex>level</lex> <lex>of</lex> <lex>defense</lex> <lex>alert</lex><lex>.</lex> 

<LOCATION><lex>South</lex> <lex>Korea</lex></LOCATION><lex>'s</lex> <lex>intelligence</lex> <lex>agency</lex> <lex>revealed</lex> <lex>this</lex> <lex>week</lex> <lex>its</lex> <lex>belief</lex> <lex>the</lex>
<lex><ORGANIZATION>North</ORGANIZATION></lex><lex>'s</lex> <lex>leader</lex> <lex>is</lex> <lex>recovering</lex> <lex>from</lex> <lex>a</lex> <lex>cerebral</lex> <lex>hemorrhage</lex><lex>,</lex> <lex>or</lex> <lex>stroke</lex><lex>,</lex> <lex>he</lex>
<lex>suffered</lex> <lex>last</lex> <lex>month</lex><lex>.</lex> <lex>North</lex> <lex>Korean</lex> <lex>officials</lex> <lex>reject</lex> <lex>the</lex> <lex>reports</lex> <lex>as</lex> <lex>a</lex>
<lex>worthless</lex> <lex>conspiracy</lex><lex>.</lex> <lex>Nonetheless</lex><lex>,</lex> <ORGANIZATION><lex>Kim</lex> <lex>Jong</lex> <lex>Il</lex></ORGANIZATION> <lex>has</lex> <lex>not</lex> <lex>been</lex> <lex>seen</lex> <lex>in</lex>
<lex>public</lex> <lex>since</lex> <lex>August</lex> <lex>14</lex><lex>.</lex> 

<PERSON><lex>Kim</lex> <lex>Jong</lex> <lex>Il</lex></PERSON> <lex>has</lex> <lex>absolute</lex> <lex>personal</lex> <lex>control</lex> <lex>of</lex> <LOCATION><lex>North</lex> <lex>Korea</lex></LOCATION><lex>'s</lex> <lex>secretive</lex>
<lex>government</lex><lex>.</lex> <lex><PERSON>He</PERSON></lex> <lex>has</lex> <lex>never</lex> <lex>publicly</lex> <lex>named</lex> <lex>a</lex> <lex>successor</lex><lex>.</lex> <lex>Leaders</lex> <lex>view</lex> <lex>any</lex>
<lex>compromise</lex> <lex>of</lex> <lex>his</lex> <lex>health</lex> <lex>as</lex> <lex>potentially</lex> <lex>destabilizing</lex> <lex>to</lex> <lex>the</lex> <lex>North</lex>
<lex>Korean</lex> <lex>system</lex> <lex>-</lex> <lex>and</lex> <lex>even</lex> <lex>to</lex> <lex>peace</lex> <lex>on</lex> <lex>the</lex> <lex>Korean</lex> <lex>peninsula</lex><lex>.</lex> 

<lex>Brian</lex> <lex>Myers</lex> <lex>specializes</lex> <lex>in</lex> <LOCATION><lex>North</lex> <lex>Korea</lex></LOCATION><lex>'s</lex> <lex>propaganda</lex> <lex>and</lex> <lex>official</lex>
<lex>communications</lex> <lex>at</lex> <LOCATION><lex>South</lex> <lex>Korea</lex></LOCATION><lex>'s</lex> <ORGANIZATION><lex>Dongseo</lex> <lex>University</lex></ORGANIZATION><lex>.</lex> <lex>He</lex> <lex>says</lex> <LOCATION><lex>North</lex>
<lex>Korea</lex></LOCATION><lex>'s</lex> <lex>domestic</lex> <lex>media</lex> <lex>is</lex> <lex>absolutely</lex> <lex>silent</lex> <lex>about</lex> <lex>international</lex>
<lex>reports</lex> <lex>on</lex> <lex>their</lex> <lex>leader</lex><lex>'s</lex> <lex>health</lex><lex>.</lex> 

<lex>"</lex><lex>What</lex> <lex>we</lex> <lex>can</lex> <lex>expect</lex> <lex>are</lex> <lex>editorials</lex> <lex>that</lex> <lex>condemn</lex> <lex>the</lex> <lex>rest</lex> <lex>of</lex> <lex>the</lex> <lex>world</lex>
<lex>for</lex> <lex>making</lex> <lex>baseless</lex> <lex>rumors</lex><lex>,</lex> <lex>but</lex> <lex>I</lex> <lex>do</lex> <lex>not</lex> <lex>think</lex> <lex>the</lex> <lex>North</lex> <lex>Korean</lex> <lex>press</lex>
<lex>will</lex> <lex>explain</lex> <lex>to</lex> <lex>the</lex> <lex>people</lex> <lex>what</lex> <lex>those</lex> <lex>rumors</lex> <lex>are</lex><lex>,"</lex> <lex>he</lex> <lex>said</lex><lex>.</lex> 

<lex><PERSON>He</PERSON></lex> <lex>says</lex> <lex>health</lex> <lex>problems</lex> <lex>may</lex> <lex>put</lex> <lex>a</lex> <lex>dent</lex> <lex>in</lex> <lex>the</lex> <lex><ORGANIZATION>North</ORGANIZATION></lex><lex>'s</lex> <lex>efforts</lex> <lex>to</lex>
<lex>portray</lex> <lex>Kim</lex> <PERSON><lex>Jong</lex> <lex>Il</lex></PERSON> <lex>as</lex> <lex>an</lex> <lex>all-powerful</lex> <lex>leader</lex><lex>.</lex> 

<lex>"</lex><lex>It</lex> <lex>does</lex> <lex>compromise</lex> <lex>his</lex> <lex>image</lex> <lex>because</lex> <lex>North</lex> <lex>Korean</lex> <lex>propaganda</lex> <lex>has</lex>
<lex>always</lex> <lex>praised</lex> <ORGANIZATION><lex>Kim</lex> <lex>Jong</lex> <lex>Il</lex></ORGANIZATION> <lex>for</lex> <lex>his</lex> <lex>sturdy</lex> <lex>constitution</lex><lex>,</lex> <lex>and</lex> <lex>compared</lex>
<lex>it</lex> <lex>favorably</lex> <lex>to</lex> <lex>the</lex> <lex>poor</lex> <lex>health</lex> <lex>of</lex> <lex>other</lex> <lex>leaders</lex><lex>,"</lex> <lex>he</lex> <lex>said</lex><lex>.</lex> 

<lex><PERSON>He</PERSON></lex> <lex>says</lex> <lex>average</lex> <LOCATION><lex>North</lex> <lex>Koreans</lex></LOCATION> <lex>are</lex> <lex>probably</lex> <lex>aware</lex> <lex>of</lex> <lex>their</lex> <lex>leader</lex><lex>'s</lex>
<lex>health</lex> <lex>situation</lex><lex>,</lex> <lex>via</lex> <lex>broadcast</lex> <lex>and</lex> <lex>cell</lex> <lex>phone</lex> <lex>technology</lex><lex>,</lex> <lex>as</lex> <lex>well</lex> <lex>as</lex>
<lex>robust</lex> <lex>business</lex> <lex>contact</lex> <lex>with</lex> <lex><LOCATION>China</LOCATION></lex><lex>.</lex> 
</zone></__top>