<__top><zone region_type="body"><lex>A</lex> <lex><LOCATION>U.S.</LOCATION></lex> <lex>newspaper</lex> <lex>is</lex> <lex>reporting</lex> <lex>that</lex> <lex>President</lex> <PERSON><lex>George</lex> <lex>Bush</lex></PERSON> <lex>gave</lex> <lex>secret</lex>
<lex>orders</lex> <lex>in</lex> <lex>July</lex> <lex>authorizing</lex> <lex>U.S.</lex> <lex>armed</lex> <lex>forces</lex> <lex>to</lex> <lex>carry</lex> <lex>out</lex> <lex>ground</lex>
<lex>assaults</lex> <lex>in</lex> <lex><LOCATION>Pakistan</LOCATION></lex> <lex>without</lex> <lex>seeking</lex> <lex>approval</lex> <lex>from</lex> <lex><LOCATION>Pakistan</LOCATION></lex><lex>'s</lex>
<lex>government</lex><lex>.</lex> 

<lex>The</lex> <ORGANIZATION><lex>New</lex> <lex>York</lex> <lex>Times</lex></ORGANIZATION> <lex>newspaper</lex> <lex>quotes</lex> <lex>senior</lex> <lex><ORGANIZATION>U.S.</ORGANIZATION></lex> <lex>officials</lex> <lex>who</lex> <lex>said</lex> <lex>the</lex>
<lex>military</lex> <lex>will</lex> <lex>notify</lex> <lex><LOCATION>Pakistan</LOCATION></lex><lex>'s</lex> <lex>government</lex> <lex>when</lex> <lex>it</lex> <lex>conducts</lex> <lex>raids</lex><lex>,</lex> <lex>but</lex>
<lex>will</lex> <lex>not</lex> <lex>seek</lex> <lex>its</lex> <lex>permission</lex><lex>.</lex> 

<lex>The</lex> <lex>officials</lex><lex>,</lex> <lex>who</lex> <lex>insisted</lex> <lex>on</lex> <lex>remaining</lex> <lex>anonymous</lex><lex>,</lex> <lex>said</lex> <lex>the</lex> <lex>orders</lex>
<lex>are</lex> <lex>part</lex> <lex>of</lex> <lex>a</lex> <lex>broader</lex> <lex>push</lex> <lex>to</lex> <lex>assert</lex> <lex><LOCATION>U.S.</LOCATION></lex> <lex>control</lex> <lex>over</lex> <lex>the</lex>
<lex><LOCATION>Afghan-Pakistani</LOCATION></lex> <lex>border</lex><lex>,</lex> <lex>considered</lex> <lex>a</lex> <lex>stronghold</lex> <lex>for</lex> <lex>the</lex> <lex><LOCATION>Taliban</LOCATION></lex> <lex>and</lex>
<lex><LOCATION>al-Qaida</LOCATION></lex><lex><LOCATION>.</LOCATION></lex> 

<lex><LOCATION>Pakistan</LOCATION></lex><lex>'s</lex> <lex>army</lex> <lex>chief</lex><lex>,</lex> <lex>General</lex> <PERSON><lex>Ashfaq</lex> <lex>Kayani</lex></PERSON><lex>,</lex> <lex>criticized</lex> <lex>Wednesday</lex> <lex>a</lex>
<lex>recent</lex> <lex>series</lex> <lex>of</lex> <lex>suspected</lex> <lex><LOCATION>U.S.</LOCATION></lex> <lex>raids</lex> <lex>in</lex> <lex><LOCATION>Pakistan</LOCATION></lex><lex>,</lex> <lex>vowing</lex> <lex>to</lex> <lex>defend</lex>
<lex>the</lex> <lex>country</lex><lex>'s</lex> <lex>sovereignty</lex> <lex>"</lex><lex>at</lex> <lex>all</lex> <lex>costs</lex><lex>."</lex> <lex><LOCATION>Pakistani</LOCATION></lex> <ORGANIZATION><lex>Prime</lex> <lex>Minister</lex>
<lex>Yousuf</lex> <lex>Raza</lex></ORGANIZATION> <lex>Gilani</lex> <lex>Thursday</lex> <lex>said</lex> <lex>the</lex> <lex>army</lex> <lex>chief</lex><lex>'s</lex> <lex>statement</lex> <lex>reflects</lex>
<lex>government</lex> <lex>views</lex><lex>.</lex> 

<lex>In</lex> <lex>related</lex> <lex>news</lex><lex>,</lex> <lex>the</lex> <lex>chief</lex> <lex>of</lex> <lex>the</lex> <lex><LOCATION>U.S.</LOCATION></lex> <lex>military</lex> <lex>says</lex> <lex>his</lex> <lex>new</lex> <lex>strategy</lex>
<lex>for</lex> <lex>the</lex> <lex>war</lex> <lex>in</lex> <lex><LOCATION>Afghanistan</LOCATION></lex> <lex>will</lex> <lex>tackle</lex> <lex>what</lex> <lex>he</lex> <lex>calls</lex> <lex>the</lex> <lex>"</lex><lex>common</lex>
<lex>insurgency</lex><lex>"</lex> <lex>in</lex> <lex>the</lex> <lex>tribal</lex> <lex>areas</lex> <lex>on</lex> <lex>both</lex> <lex>sides</lex> <lex>of</lex> <lex>the</lex> <lex><LOCATION>Afghan-Pakistani</LOCATION></lex>
<lex>border</lex><lex>.</lex> 

<lex>The</lex> <lex>chairman</lex> <lex>of</lex> <lex>the</lex> <lex>Joint</lex> <lex>Chiefs</lex> <lex>of</lex> <lex>Staff</lex><lex>,</lex> <lex>Admiral</lex> <PERSON><lex>Michael</lex> <lex>Mullen</lex></PERSON><lex>,</lex>
<lex>said</lex> <lex>Wednesday</lex> <lex>the</lex> <lex><LOCATION>U.S.</LOCATION></lex> <lex>and</lex> <lex>its</lex> <lex>allies</lex> <lex>cannot</lex> <lex>"</lex><lex>kill</lex> <lex>our</lex> <lex>way</lex> <lex>to</lex>
<lex>victory</lex><lex>"</lex> <lex>in</lex> <lex><LOCATION>Afghanistan</LOCATION></lex><lex>.</lex> <lex>He</lex> <lex>said</lex> <lex><PERSON>Afghanistan</PERSON></lex> <lex>needs</lex> <lex>more</lex> <lex>international</lex>
<lex>help</lex> <lex>to</lex> <lex>improve</lex> <lex>its</lex> <lex>rule</lex> <lex>of</lex> <lex>law</lex> <lex>and</lex> <lex>economic</lex> <lex>development</lex><lex>.</lex> 

<lex>President</lex> <lex><PERSON>Bush</PERSON></lex> <lex>announced</lex> <lex>Tuesday</lex> <lex>that</lex> <lex>he</lex> <lex>will</lex> <lex>increase</lex> <lex><LOCATION>U.S.</LOCATION></lex> <lex>troop</lex>
<lex>levels</lex> <lex>in</lex> <lex><LOCATION>Afghanistan</LOCATION></lex> <lex>by</lex> <lex>1,500</lex> <lex>by</lex> <lex>February</lex><lex>.</lex> <lex><LOCATION>U.S.</LOCATION></lex> <lex>commanders</lex> <lex>there</lex> <lex>have</lex>
<lex>requested</lex> <lex>about</lex> <lex>10,000</lex> <lex>additional</lex> <lex>troops</lex><lex>.</lex> 
</zone></__top>