<__top><zone region_type="body"><lex>Russian</lex> <lex>Prime</lex> <lex>Minister</lex> <PERSON><lex>Vladimir</lex> <lex>Putin</lex></PERSON> <lex>has</lex> <lex>strongly</lex> <lex>defended</lex> <lex>the</lex>
<lex>Russian</lex> <lex>military</lex> <lex>incursion</lex> <lex>into</lex> <lex><LOCATION>Georgia</LOCATION></lex><lex>,</lex> <lex>but</lex> <lex>says</lex> <lex><LOCATION>Moscow</LOCATION></lex> <lex>has</lex> <lex>no</lex>
<lex>intention</lex> <lex>of</lex> <lex>annexing</lex> <lex>any</lex> <lex>territory</lex> <lex>of</lex> <lex>former</lex> <lex>Soviet</lex> <lex>republics</lex><lex>.</lex> 

<PERSON><lex>Mr.</lex> <lex>Putin</lex></PERSON><lex>,</lex> <lex>speaking</lex> <lex>Thursday</lex> <lex>in</lex> <lex>southern</lex> <lex>Russia</lex><lex>,</lex> <lex>said</lex> <lex><LOCATION>Moscow</LOCATION></lex> <lex>has</lex> <lex>no</lex>
<lex>"</lex><lex>imperial</lex> <lex>ambitions</lex><lex>"</lex> <lex>for</lex> <lex><LOCATION>Georgia</LOCATION></lex><lex>,</lex> <lex>despite</lex> <lex>what</lex> <lex>he</lex> <lex>said</lex> <lex>were</lex> <lex>Western</lex>
<lex>accusations</lex> <lex>to</lex> <lex>the</lex> <lex>contrary</lex><lex>.</lex> 

<lex>Separately</lex> <lex>Thursday</lex><lex>,</lex> <lex>Russian</lex> <lex>news</lex> <lex>reports</lex> <lex>say</lex> <lex>President</lex> <PERSON><lex>Dmitri</lex>
<lex>Medvedev</lex></PERSON> <lex>again</lex> <lex>accused</lex> <lex><LOCATION>Georgia</LOCATION></lex> <lex>of</lex> <lex>military</lex> <lex>aggression</lex> <lex>last</lex> <lex>month</lex>
<lex>against</lex> <ORGANIZATION><lex>the</lex> <lex>Georgian</lex></ORGANIZATION> <lex>breakaway</lex> <lex>territory</lex> <lex>of</lex> <LOCATION><lex>South</lex> <lex>Ossetia</lex></LOCATION><lex>.</lex> 

<lex>Mr.</lex> <lex><PERSON>Medvedev</PERSON></lex> <lex>said</lex> <lex>the</lex> <lex><LOCATION>Georgian</LOCATION></lex> <lex>move</lex> <lex>against</lex> <lex>South</lex> <lex>Ossetia</lex> <lex>August</lex> <lex>7</lex>
<lex>triggered</lex> <lex>Russia</lex><lex>'s</lex> <lex>military</lex> <lex>incursion</lex> <lex>and</lex> <lex>has</lex> <lex>made</lex> <lex>the</lex> <lex>modernization</lex>
<lex>of</lex> <lex>the</lex> <lex>Russian</lex> <lex>military</lex> <lex>a</lex> <lex>top</lex> <lex>priority</lex><lex>.</lex> 

<lex>Earlier</lex> <lex>Thursday</lex><lex>,</lex> <lex>the</lex> <lex>pro-Russian</lex> <lex>separatist</lex> <lex>leader</lex> <lex>in</lex> <LOCATION><lex>South</lex> <lex>Ossetia</lex></LOCATION>
<lex>said</lex> <lex>the</lex> <lex><LOCATION>Georgian</LOCATION></lex> <lex>region</lex> <lex>will</lex> <lex>not</lex> <lex>seek</lex> <lex>to</lex> <lex>become</lex> <lex>part</lex> <lex>of</lex> <lex>Russia</lex><lex>,</lex>
<lex>despite</lex> <lex>earlier</lex> <lex>reports</lex> <lex>to</lex> <lex>the</lex> <lex>contrary</lex><lex>.</lex> 

<lex>Russian</lex> <lex>news</lex> <lex>agencies</lex> <lex>quoted</lex> <lex>Eduard</lex> <lex>Kokoity</lex> <lex>earlier</lex> <lex>as</lex> <lex>saying</lex> <ORGANIZATION><lex>South</lex>
<lex>Ossetia</lex></ORGANIZATION> <lex>is</lex> <lex>to</lex> <lex>join</lex> <lex>the</lex> <lex><ORGANIZATION>North</ORGANIZATION></lex> <lex>Ossetian</lex> <lex>region</lex> <lex>of</lex> <lex>Russia</lex><lex>.</lex> <lex>He</lex> <lex>later</lex> <lex>told</lex>
<lex>journalists</lex> <lex>he</lex> <lex>was</lex> <lex>misquoted</lex><lex>.</lex> 

<lex><PERSON>Russia</PERSON></lex> <lex>has</lex> <lex>defied</lex> <lex>a</lex> <lex>host</lex> <lex>of</lex> <lex>Western</lex> <lex>governments</lex> <lex>by</lex> <lex>recognizing</lex> <lex>South</lex>
<lex>Ossetia</lex> <lex>and</lex> <lex>a</lex> <lex>second</lex> <lex>breakaway</lex> <lex>region</lex><lex>,</lex> <lex><LOCATION>Abkhazia</LOCATION></lex><lex>,</lex> <lex>as</lex> <lex>independent</lex>
<lex>states</lex><lex>.</lex> <lex><LOCATION>Moscow</LOCATION></lex> <lex>moved</lex> <lex>earlier</lex> <lex>this</lex> <lex>week</lex> <lex>to</lex> <lex>establish</lex> <lex>diplomatic</lex> <lex>ties</lex>
<lex>with</lex> <lex>both</lex> <lex>territories</lex><lex>.</lex> 

<lex>Abkhazian</lex> <lex>leader</lex> <PERSON><lex>Sergei</lex> <lex>Bagapsh</lex></PERSON> <lex>said</lex> <lex>his</lex> <lex>region</lex> <lex>hopes</lex> <lex>to</lex> <lex>join</lex> <lex>the</lex>
<ORGANIZATION><lex>Russian-Belarus</lex> <lex>Union</lex> <lex>State</lex></ORGANIZATION><lex>.</lex> 

<lex>Russian</lex> <lex>forces</lex> <lex>pushed</lex> <lex>into</lex> <lex><LOCATION>Georgia</LOCATION></lex> <lex>last</lex> <lex>month</lex> <lex>after</lex> <lex>the</lex> <lex><LOCATION>Georgian</LOCATION></lex>
<lex>military</lex> <lex>tried</lex> <lex>to</lex> <lex>retake</lex> <lex>control</lex> <lex>of</lex> <LOCATION><lex>South</lex> <lex>Ossetia</lex></LOCATION><lex>.</lex> <lex>Russia</lex> <lex>said</lex> <lex>it</lex> <lex>had</lex>
<lex>to</lex> <lex>protect</lex> <lex>its</lex> <lex>citizens</lex> <lex>in</lex> <lex>the</lex> <lex>pro-Russian</lex> <lex>region</lex><lex>.</lex> 
</zone></__top>