<__top><zone region_type="body"><lex>Scientists</lex> <lex>at</lex> <lex>the</lex> <ORGANIZATION><lex>European</lex> <lex>Organization</lex></ORGANIZATION> <lex>for</lex> <lex>Nuclear</lex> <lex>Research</lex><lex>,</lex> <lex>better</lex>
<lex>known</lex> <lex>by</lex> <lex>its</lex> <lex>French</lex> <lex>acronym</lex><lex>,</lex> <lex><ORGANIZATION>CERN</ORGANIZATION></lex><lex>,</lex> <lex>are</lex> <lex>planning</lex> <lex>to</lex> <lex>send</lex> <lex>a</lex> <lex>beam</lex> <lex>of</lex>
<lex>particles</lex> <lex>racing</lex> <lex>around</lex> <lex>the</lex> <lex>27</lex><lex>-kilometer</lex> <lex>ring</lex> <lex>of</lex> <lex>the</lex> <PERSON><lex>Large</lex> <lex>Hadron</lex>
<lex>Collider</lex></PERSON> <lex>for</lex> <lex>the</lex> <lex>first</lex> <lex>time</lex><lex>.</lex> 

<lex>The</lex> <lex><ORGANIZATION>LHC</ORGANIZATION></lex><lex>,</lex> <lex>as</lex> <lex>it</lex><lex>'s</lex> <lex>known</lex><lex>,</lex> <lex>is</lex> <lex>the</lex> <lex>world</lex><lex>'s</lex> <lex>most</lex> <lex>powerful</lex> <lex>particle</lex>
<lex>accelerator</lex><lex>.</lex> <lex>CERN</lex> <lex>physicist</lex> <PERSON><lex>Tejinder</lex> <lex>Virdee</lex></PERSON> <lex>says</lex> <lex>it</lex><lex>'s</lex> <lex>designed</lex> <lex>to</lex>
<lex>explore</lex> <lex>some</lex> <lex>of</lex> <lex>the</lex> <lex>most</lex> <lex>fundamental</lex> <lex>questions</lex> <lex>in</lex> <lex>physics</lex><lex>.</lex> 

<lex>"</lex><lex>At</lex> <lex>the</lex> <lex>end</lex> <lex>of</lex> <lex>this</lex><lex>,</lex> <lex>it</lex> <lex>is</lex> <lex>possible</lex> <lex>that</lex> <lex>our</lex> <lex>view</lex> <lex>of</lex> <lex>nature</lex><lex>,</lex> <lex>of</lex> <lex>how</lex>
<lex>the</lex> <lex>nature</lex> <lex>works</lex> <lex>at</lex> <lex>the</lex> <lex>fundamental</lex> <lex>level</lex><lex>,</lex> <lex>would</lex> <lex>be</lex> <lex>altered</lex> <lex>in</lex> <lex>the</lex>
<lex>same</lex> <lex>way</lex><lex>,</lex> <lex>for</lex> <lex>example</lex><lex>,</lex> <lex>that</lex> <lex><PERSON>Einstein</PERSON></lex> <lex>had</lex> <lex>altered</lex> <lex>our</lex> <lex>view</lex> <lex>of</lex> <lex>space</lex> <lex>and</lex>
<lex>time</lex> <lex>about</lex> <lex>100</lex> <lex>years</lex> <lex>ago</lex><lex>,"</lex> <lex>he</lex> <lex>said</lex><lex>.</lex> <lex>"</lex><lex>So</lex> <lex>the</lex> <lex>scientific</lex> <lex>results</lex> <lex>could</lex>
<lex>be</lex> <lex>extremely</lex> <lex>important</lex><lex>."</lex> 

<lex>The</lex> <PERSON><lex>Large</lex> <lex>Hadron</lex> <lex>Collider</lex></PERSON> <lex>is</lex> <lex>housed</lex> <lex>in</lex> <lex>a</lex> <lex>circular</lex> <lex>tunnel</lex><lex>,</lex> <lex>buried</lex> <lex>under</lex>
<lex>the</lex> <lex>French-Swiss</lex> <lex>border</lex> <lex>just</lex> <lex>outside</lex> <lex><LOCATION>Geneva</LOCATION></lex><lex>.</lex> 

<lex>Beams</lex> <lex>of</lex> <lex>subatomic</lex> <lex>protons</lex> <lex>and</lex> <lex>other</lex> <lex>particles</lex> <lex>will</lex> <lex>zip</lex> <lex>around</lex> <lex>the</lex>
<lex>ring</lex><lex>,</lex> <lex>accelerated</lex> <lex>up</lex> <lex>to</lex> <lex>nearly</lex> <lex>the</lex> <lex>speed</lex> <lex>of</lex> <lex>light</lex> <lex>by</lex> <lex>some</lex> <lex>1,800</lex>
<lex>superconducting</lex> <lex>magnet</lex> <lex>systems</lex><lex>.</lex> 

<lex><PERSON>Protons</PERSON></lex> <lex>will</lex> <lex>reach</lex> <lex>an</lex> <lex>energy</lex> <lex>level</lex> <lex>of</lex> <lex>7</lex> <lex>trillion</lex> <lex>electron</lex> <lex>volts</lex><lex>,</lex> <lex>seven</lex>
<lex>times</lex> <lex>more</lex> <lex>powerful</lex> <lex>than</lex> <lex>in</lex> <lex>any</lex> <lex>existing</lex> <lex>accelerator</lex><lex>.</lex> <lex>The</lex> <lex>project</lex> <lex>has</lex>
<lex>cost</lex> <lex>an</lex> <lex>estimated</lex> <lex>$5.8</lex> <lex>billion</lex><lex>.</lex> 

<lex>When</lex> <lex>the</lex> <lex><ORGANIZATION>LHC</ORGANIZATION></lex> <lex>goes</lex> <lex>into</lex> <lex>full</lex> <lex>operation</lex><lex>,</lex> <lex>scientists</lex> <lex>will</lex> <lex>aim</lex> <lex>beams</lex> <lex>of</lex>
<lex>particles</lex> <lex>directly</lex> <lex>at</lex> <lex>each</lex> <lex>other</lex><lex>.</lex> <lex>When</lex> <lex>particles</lex> <lex>collide</lex> <lex>-</lex> <lex>up</lex> <lex>to</lex> <lex>600</lex>
<lex>million</lex> <lex>times</lex> <lex>a</lex> <lex>second</lex> <lex>-</lex> <lex>special</lex> <lex>sensors</lex> <lex>will</lex> <lex>detect</lex> <lex>and</lex> <lex>record</lex> <lex>the</lex>
<lex>collisions</lex><lex>,</lex> <lex>and</lex> <lex>a</lex> <lex>network</lex> <lex>of</lex> <lex>computers</lex> <lex>will</lex> <lex>analyze</lex> <lex>the</lex> <lex>vast</lex> <lex>amount</lex> <lex>of</lex>
<lex>data</lex> <lex>generated</lex><lex>.</lex> 

<lex>It</lex><lex>'s</lex> <lex>designed</lex> <lex>in</lex> <lex>part</lex> <lex>to</lex> <lex>mimic</lex> <lex>conditions</lex> <lex>present</lex> <lex>at</lex> <lex>the</lex> <lex>beginning</lex> <lex>of</lex>
<lex>the</lex> <lex>universe</lex><lex>,</lex> <lex>the</lex> <ORGANIZATION><lex>Big</lex> <lex>Bang</lex></ORGANIZATION><lex>,</lex> <lex>almost</lex> <lex>15</lex> <lex>billion</lex> <lex>years</lex> <lex>ago</lex><lex>.</lex> 

<lex>Researchers</lex> <lex>will</lex> <lex>also</lex> <lex>be</lex> <lex>looking</lex> <lex>for</lex> <lex>a</lex> <lex>subatomic</lex> <lex>particle</lex> <lex>known</lex> <lex>as</lex> <ORGANIZATION><lex>the</lex>
<lex>Higgs</lex> <lex>Boson</lex><lex>.</lex></ORGANIZATION> <lex>The</lex> <ORGANIZATION><lex>Standard</lex> <lex>Model</lex></ORGANIZATION> <lex>of</lex> <lex>particle</lex> <lex>physics</lex> <lex>predicts</lex> <lex>that</lex> <lex>it</lex>
<lex>exists</lex><lex>,</lex> <lex>but</lex> <lex>it</lex> <lex>has</lex> <lex>never</lex> <lex>been</lex> <lex>seen</lex><lex>.</lex> <lex>CERN</lex> <lex>physicist</lex> <lex>Mike</lex> <lex><PERSON>Seymour</PERSON></lex> <lex>says</lex>
<lex>the</lex> <ORGANIZATION><lex>elusive</lex> <lex>Higgs</lex> <lex>Boson</lex></ORGANIZATION> <lex>has</lex> <lex>a</lex> <lex>nickname</lex> <lex>that</lex> <lex>conveys</lex> <lex>its</lex> <lex>importance</lex><lex>.</lex> 

<lex>"</lex><lex>People</lex> <lex>call</lex> <lex>it</lex> <lex>'</lex><lex>God</lex><lex>'s</lex> <lex>particle</lex><lex>'</lex> <lex>because</lex> <lex>it</lex> <lex>really</lex> <lex>has</lex> <lex>a</lex> <lex>very</lex>
<lex>important</lex> <lex>central</lex> <lex>role</lex> <lex>in</lex> <lex>our</lex> <lex>whole</lex> <lex>theory</lex> <lex>of</lex> <lex>what</lex> <lex>everything</lex> <lex>is</lex> <lex>made</lex>
<lex>of</lex><lex>,</lex> <lex>of</lex> <lex>matter</lex><lex>,"</lex> <lex><PERSON>Seymour</PERSON></lex> <lex>explained</lex><lex>.</lex> <lex>"</lex><lex>Because</lex> <lex>without</lex> <lex>the</lex> <lex>Higgs</lex> <lex>particle</lex>
<lex>we</lex> <lex>wouldn</lex><lex>'</lex><lex>t</lex> <lex>be</lex> <lex>able</lex> <lex>to</lex> <lex>understand</lex> <lex>why</lex> <lex>any</lex> <lex>of</lex> <lex>the</lex> <lex>elementary</lex> <lex>particles</lex>
<lex>have</lex> <lex>masses</lex><lex>.</lex> <lex>The</lex> <lex>more</lex> <lex>we</lex> <lex>discover</lex> <lex>about</lex> <lex>the</lex> <lex>Higgs</lex> <lex>mechanism</lex><lex>,</lex> <lex>the</lex> <lex>more</lex>
<lex>we</lex> <lex>will</lex> <lex>understand</lex> <lex>about</lex> <lex>the</lex> <lex>dynamics</lex> <lex>of</lex> <lex>the</lex> <lex>early</lex> <lex>universe</lex><lex>."</lex> 

<lex>As</lex> <lex>scientists</lex> <lex>and</lex> <lex>technicians</lex> <lex>prepare</lex> <lex>to</lex> <lex>send</lex> <lex>a</lex> <lex>particle</lex> <lex>beam</lex> <lex>all</lex> <lex>the</lex>
<lex>way</lex> <lex>around</lex> <lex>the</lex> <lex><ORGANIZATION>LHC</ORGANIZATION></lex><lex>,</lex> <lex>some</lex> <lex>critics</lex> <lex>have</lex> <lex>wondered</lex> <lex>whether</lex> <lex>attempts</lex> <lex>to</lex>
<lex>reproduce</lex> <lex>conditions</lex> <lex>at</lex> <lex>the</lex> <lex>beginning</lex> <lex>of</lex> <lex>the</lex> <lex>universe</lex> <lex>may</lex> <lex>create</lex> <lex>a</lex>
<lex>black</lex> <lex>hole</lex> <lex>that</lex> <lex>could</lex> <lex>destroy</lex> <lex>the</lex> <ORGANIZATION><lex>Earth</lex><lex>.</lex> 

<lex>A</lex> <lex>CERN</lex></ORGANIZATION> <lex>team</lex> <lex>that</lex> <lex>studied</lex> <lex>the</lex> <lex>matter</lex> <lex>concluded</lex> <lex>there</lex> <lex>was</lex> <lex>no</lex> <lex>danger</lex> <lex>of</lex>
<lex>that</lex> <lex>happening</lex><lex>,</lex> <lex>and</lex> <lex>lawsuits</lex> <lex>filed</lex> <lex>by</lex> <lex>opponents</lex> <lex>have</lex> <lex>not</lex> <lex>succeeded</lex> <lex>in</lex>
<lex>stopping</lex> <lex>work</lex> <lex>on</lex> <lex>the</lex> <LOCATION><lex>LHC</lex><lex>.</lex></LOCATION> 

<lex>CERN</lex> <lex>physicist</lex> <PERSON><lex>John</lex> <lex>Ellis</lex></PERSON> <lex>says</lex> <lex>simply</lex><lex>,</lex> <lex>the</lex> <lex>skeptics</lex> <lex>are</lex> <lex>wrong</lex><lex>.</lex> <lex>"</lex><lex><ORGANIZATION>LHC</ORGANIZATION></lex> <lex>is</lex>
<lex>only</lex> <lex>going</lex> <lex>to</lex> <lex>reproduce</lex> <lex>what</lex> <lex>nature</lex> <lex>does</lex> <lex>every</lex> <lex>second</lex><lex>,</lex> <lex>it</lex> <lex>has</lex> <lex>been</lex>
<lex>doing</lex> <lex>for</lex> <lex>billions</lex> <lex>of</lex> <lex>years</lex><lex>,</lex> <lex>and</lex> <lex>all</lex> <lex>of</lex> <lex>these</lex> <lex>astronomical</lex> <lex>bodies</lex>
<lex>including</lex> <lex>the</lex> <lex>earth</lex> <lex>and</lex> <lex>the</lex> <lex>sun</lex><lex>,</lex> <lex>they</lex> <lex>are</lex> <lex>still</lex> <lex>here</lex><lex>.</lex> <lex>So</lex> <lex>there</lex> <lex>really</lex>
<lex>is</lex> <lex>no</lex> <lex>problem</lex><lex>."</lex> 

<lex><ORGANIZATION>Well</ORGANIZATION></lex><lex>,</lex> <lex>let</lex><lex>'s</lex> <lex>hope</lex> <lex>not</lex><lex>.</lex> <lex>The</lex> <lex>first</lex> <lex>beam</lex> <lex>of</lex> <lex>particles</lex> <lex>is</lex> <lex>set</lex> <lex>to</lex> <lex>make</lex> <lex>that</lex>
<lex>27</lex><lex>-kilometer</lex> <lex>trip</lex> <lex>around</lex> <lex>the</lex> <PERSON><lex>Large</lex> <lex>Hadron</lex> <lex>Collider</lex></PERSON> <lex>on</lex> <lex>Wednesday</lex><lex>.</lex> 
</zone></__top>