<__top><zone region_type="body"><ORGANIZATION><lex>Michigan</lex> <lex>State</lex> <lex>University</lex></ORGANIZATION> <lex>researcher</lex> <lex>Naomi</lex> <lex><PERSON>Breslau</PERSON></lex> <lex>and</lex> <lex>her</lex> <lex>colleagues</lex>
<lex>needed</lex> <lex>to</lex> <lex>determine</lex> <lex>whether</lex> <lex>any</lex> <lex>psychiatric</lex> <lex>problems</lex> <lex>might</lex> <lex>be</lex> <lex>due</lex> <lex>to</lex>
<lex>biology</lex><lex>,</lex> <lex>not</lex> <lex>to</lex> <lex>environment</lex><lex>.</lex> <lex>So</lex> <lex>they</lex> <lex>looked</lex> <lex>at</lex> <lex>children</lex> <lex>from</lex> <lex>two</lex>
<lex>disparate</lex> <lex>communities</lex><lex>.</lex> 

<lex>"</lex><lex>One</lex> <lex>is</lex> <lex>inner-city</lex> <lex>children</lex><lex>,</lex> <lex>mostly</lex> <lex>minority</lex><lex>,</lex> <lex>black</lex><lex>,</lex> <lex>and</lex>
<lex>disadvantaged</lex><lex>,"</lex> <lex>she</lex> <lex>explains</lex><lex>.</lex> <lex>"</lex><lex>And</lex> <lex>another</lex> <lex>community</lex> <lex>which</lex> <lex>was</lex> <lex>a</lex>
<lex>middle-class</lex><lex>,</lex> <lex>suburban</lex><lex>,</lex> <lex>mainly</lex> <lex>white</lex><lex>."</lex> 

<lex>The</lex> <lex>study</lex> <lex>started</lex> <lex>in</lex> <lex>1990</lex><lex>.</lex> <lex><PERSON>Breslau</PERSON></lex> <lex>and</lex> <lex>her</lex> <lex>colleagues</lex> <lex>followed</lex>
<lex>hundreds</lex> <lex>of</lex> <lex>children</lex> <lex>for</lex> <lex>close</lex> <lex>to</lex> <lex>15</lex> <lex>years</lex><lex>.</lex> <lex>They</lex> <lex>asked</lex> <lex>mothers</lex> <lex>and</lex>
<lex>teachers</lex> <lex>of</lex> <lex>the</lex> <lex>children</lex> <lex>to</lex> <lex>describe</lex> <lex>the</lex> <lex>kinds</lex> <lex>of</lex> <lex>problems</lex> <lex>these</lex>
<lex>children</lex> <lex>were</lex> <lex>having</lex><lex>.</lex> <lex>It</lex> <lex>turns</lex> <lex>out</lex><lex>,</lex> <lex>the</lex> <lex>mothers</lex> <lex>and</lex> <lex>teachers</lex> <lex>reported</lex>
<lex>that</lex> <lex>the</lex> <lex>low</lex> <lex>birth</lex> <lex>weight</lex> <lex>children</lex> <lex>did</lex> <lex>tend</lex> <lex>to</lex> <lex>have</lex> <lex>more</lex> <lex>problems</lex> <lex>than</lex>
<lex>normal</lex> <lex>birth</lex> <lex>weight</lex> <lex>children</lex><lex>.</lex> 

<lex>"</lex><lex>The</lex> <lex>children</lex> <lex>of</lex> <lex>low</lex> <lex>birth</lex> <lex>weight</lex> <lex>had</lex> <lex>lower</lex> <lex>scores</lex> <lex>and</lex> <lex>academic</lex>
<lex>achievement</lex> <lex>in</lex> <lex>math</lex> <lex>and</lex> <lex>reading</lex><lex>,</lex> <lex>and</lex> <lex>lower</lex> <lex>score</lex> <lex>on</lex> <lex>cognitive</lex>
<lex>abilities</lex><lex>,"</lex> <lex><PERSON>Breslau</PERSON></lex> <lex>says</lex><lex>.</lex> <lex>"</lex><lex>We</lex> <lex>also</lex> <lex>found</lex> <lex>problems</lex> <lex>with</lex> <lex>what</lex> <lex>we</lex> <lex>call</lex>
<lex>internalizing</lex><lex>,</lex> <lex>namely</lex> <lex>depressive</lex><lex>,</lex> <lex>anxious</lex> <lex>kids</lex><lex>,</lex> <lex>or</lex> <lex>externalizing</lex><lex>,</lex>
<lex>namely</lex> <lex>acting</lex> <lex>out</lex> <lex>kids</lex><lex>.</lex> <lex>But</lex> <lex>there</lex> <lex>were</lex> <lex>modest</lex> <lex>effects</lex> <lex>in</lex> <lex>both</lex>
<lex>communities</lex><lex>,</lex> <lex>equally</lex><lex>."</lex> 

<lex>The</lex> <lex>researchers</lex> <lex>did</lex> <lex>find</lex> <lex>one</lex> <lex>significant</lex> <lex>difference</lex> <lex>between</lex> <lex>the</lex> <lex>two</lex>
<lex>groups</lex><lex>.</lex> <lex><PERSON>Low</PERSON></lex> <lex>birth</lex> <lex>weight</lex> <lex>kids</lex> <lex>from</lex> <lex>disadvantaged</lex> <lex>communities</lex> <lex>were</lex> <lex>more</lex>
<lex>hyperactive</lex> <lex>and</lex> <lex>had</lex> <lex>more</lex> <lex>difficulty</lex> <lex>paying</lex> <lex>attention</lex> <lex>than</lex> <lex>low</lex> <lex>birth</lex>
<lex>weight</lex> <lex>kids</lex> <lex>in</lex> <lex>more</lex> <lex>affluent</lex> <lex>communities</lex><lex>.</lex> 

<lex><PERSON>Breslau</PERSON></lex> <lex>says</lex> <lex>teachers</lex> <lex>and</lex> <lex>parents</lex> <lex>need</lex> <lex>to</lex> <lex>help</lex> <lex>these</lex> <lex>low</lex> <lex>birth</lex> <lex>weight</lex>
<lex>children</lex> <lex>overcome</lex> <lex>some</lex> <lex>of</lex> <lex>their</lex> <lex>psychiatric</lex> <lex>difficulties</lex> <lex>so</lex> <lex>they</lex> <lex>can</lex>
<lex>do</lex> <lex>better</lex> <lex>in</lex> <lex>the</lex> <lex>classroom</lex><lex>.</lex> <lex>Now</lex> <lex>she</lex><lex>'s</lex> <lex>studying</lex> <lex>how</lex> <lex>the</lex> <lex>ability</lex> <lex>to</lex> <lex>pay</lex>
<lex>attention</lex> <lex>affects</lex> <lex>a</lex> <lex>child</lex><lex>'s</lex> <lex>success</lex> <lex>in</lex> <lex>school</lex><lex>.</lex> 

<lex>Her</lex> <lex>research</lex> <lex>is</lex> <lex>published</lex> <lex>in</lex> <lex>the</lex> <lex>Archives</lex> <lex>of</lex> <ORGANIZATION><lex>General</lex> <lex>Psychiatry</lex></ORGANIZATION><lex>.</lex>
</zone></__top>