<__top><zone region_type="body"><ORGANIZATION><lex>The</lex> <lex>World</lex> <lex>Health</lex> <lex>Organization</lex></ORGANIZATION> <lex>says</lex> <lex>500</lex> <lex>million</lex> <lex>young</lex> <lex>people</lex> <lex>between</lex>
<lex>the</lex> <lex>ages</lex> <lex>of</lex> <lex>10</lex> <lex>and</lex> <lex>24</lex> <lex>in</lex> <LOCATION><lex>South</lex></LOCATION> <lex>and</lex> <LOCATION><lex>South</lex> <lex>East</lex></LOCATION> <lex>Asian</lex> <lex>countries</lex> <lex>are</lex>
<lex>being</lex> <lex>aggressively</lex> <lex>targeted</lex> <lex>by</lex> <lex>the</lex> <lex>tobacco</lex> <lex>industry</lex> <lex>to</lex> <lex>make</lex> <lex>them</lex>
<lex>first-time</lex> <lex>tobacco</lex> <lex>users</lex><lex>.</lex> 

<ORGANIZATION><lex>The</lex> <lex>World</lex> <lex>Health</lex> <lex>Organization</lex></ORGANIZATION> <lex>points</lex> <lex>out</lex> <lex>that</lex> <lex>most</lex> <lex>tobacco</lex> <lex>users</lex> <lex>in</lex>
<lex>the</lex> <lex>region</lex> <lex>start</lex> <lex>at</lex> <lex>an</lex> <lex>early</lex> <lex>age</lex> <lex>-</lex> <lex>before</lex> <lex>they</lex> <lex>are</lex> <lex>18</lex><lex>,</lex> <lex>and</lex> <lex>many</lex> <lex>even</lex>
<lex>before</lex> <lex>the</lex> <lex>age</lex> <lex>of</lex> <lex>10</lex><lex>.</lex> 

<lex>But</lex> <ORGANIZATION><lex>WHO</lex></ORGANIZATION> <lex>officials</lex> <lex>are</lex> <lex>optimistic</lex> <lex>the</lex> <lex>situation</lex> <lex>may</lex> <lex>improve</lex><lex>.</lex>

<lex>WHO</lex> <lex>regional</lex> <lex>Coordinator</lex> <lex>for</lex> <lex>Tobacco</lex> <lex>Control</lex> <PERSON><lex>Khalil</lex> <lex>Rahman</lex></PERSON> <lex>says</lex> <lex>the</lex>
<lex>health</lex> <lex>ministers</lex> <lex>have</lex> <lex>made</lex> <lex>a</lex> <lex>political</lex> <lex>commitment</lex> <lex>to</lex> <lex>support</lex> <lex>policies</lex>
<lex>that</lex> <lex>will</lex> <lex>help</lex> <lex>cut</lex> <lex>the</lex> <lex>use</lex> <lex>of</lex> <lex>tobacco</lex><lex>.</lex> 

<lex>"</lex><lex>We</lex> <lex>have</lex> <lex>this</lex> <lex>very</lex> <lex>good</lex> <lex>news</lex><lex>,</lex> <lex>good</lex> <lex>political</lex> <lex>support</lex> <lex>from</lex> <lex>all</lex>
<lex>countries</lex> <lex>in</lex> <lex>the</lex> <lex>region</lex><lex>,</lex> <lex>they</lex> <lex>are</lex> <lex>committed</lex> <lex>to</lex> <lex>tobacco</lex> <lex>control</lex><lex>,</lex>
<lex>despite</lex> <lex>the</lex> <lex>fact</lex> <lex>that</lex> <lex>even</lex> <lex>in</lex> <lex>the</lex> <lex>government</lex><lex>,</lex> <lex>there</lex> <lex>is</lex> <lex>some</lex>
<lex>opposition</lex><lex>,</lex> <lex>but</lex> <lex>as</lex> <lex>a</lex> <lex>whole</lex> <lex>government</lex> <lex>is</lex> <lex>committed</lex> <lex>to</lex> <lex>tobacco</lex>
<lex>control</lex><lex>,"</lex> <PERSON><lex>Rahman</lex></PERSON> <lex>said</lex><lex>.</lex>    

<lex>The</lex> <lex>health</lex> <lex>ministers</lex> <lex>met</lex> <lex>in</lex> <LOCATION><lex>New</lex> <lex>Delhi</lex></LOCATION> <lex>for</lex> <lex>a</lex> <lex>four-day</lex> <lex>conference</lex> <lex>that</lex>
<lex>concluded</lex> <lex>Thursday</lex><lex>.</lex> 

<ORGANIZATION><lex>The</lex> <lex>World</lex> <lex>Health</lex> <lex>Organization</lex></ORGANIZATION> <lex>has</lex> <lex>urged</lex> <lex>the</lex> <lex>ministers</lex> <lex>to</lex> <lex>enact</lex>
<lex>legislation</lex> <lex>to</lex> <lex>enforce</lex> <lex>smoke-free</lex> <lex>environments</lex> <lex>in</lex> <lex>indoor</lex> <lex>public</lex> <lex>places</lex>
<lex>including</lex> <lex>offices</lex><lex>,</lex> <lex>restaurants</lex> <lex>and</lex> <lex>bars</lex><lex>.</lex> 

<LOCATION><lex>India</lex></LOCATION> <lex>will</lex> <lex>shortly</lex> <lex>enact</lex> <lex>such</lex> <lex>legislation</lex><lex>.</lex> <lex>Indian</lex> <lex>Health</lex> <lex>Minister</lex>
<PERSON><lex>Anmubani</lex> <lex>Ramadoss</lex></PERSON> <lex>says</lex> <lex>starting</lex> <lex>October</lex> <lex>2</lex><lex>,</lex> <lex>it</lex> <lex>will</lex> <lex>become</lex> <lex>illegal</lex> <lex>to</lex>
<lex>smoke</lex> <lex>in</lex> <lex>all</lex> <lex>public</lex> <lex>places</lex> <lex>in</lex> <lex>the</lex> <lex>country</lex><lex>.</lex> 

<lex>"</lex><lex>Although</lex> <lex>it</lex> <lex>is</lex> <lex>fantastic</lex> <lex>to</lex> <lex>be</lex> <lex>in</lex> <lex>a</lex> <lex>youthful</lex> <lex>country</lex><lex>,</lex> <lex>we</lex> <lex>need</lex> <lex>to</lex>
<lex>protect</lex> <lex>this</lex> <lex>very</lex> <lex>valuable</lex> <lex>resource</lex> <lex>from</lex> <lex>the</lex> <lex>harmful</lex> <lex>effects</lex> <lex>of</lex>
<lex>tobacco</lex><lex>,"</lex> <PERSON><lex>Ramadoss</lex></PERSON> <lex>said</lex><lex>.</lex>    

<lex>But</lex> <lex>putting</lex> <lex>laws</lex> <lex>in</lex> <lex>place</lex> <lex>is</lex> <lex>not</lex> <lex>enough</lex><lex>.</lex> <ORGANIZATION><lex>The</lex> <lex>World</lex> <lex>Health</lex> <lex>Organization</lex></ORGANIZATION>
<lex>says</lex> <lex>strict</lex> <lex>enforcement</lex> <lex>is</lex> <lex>equally</lex> <lex>important</lex><lex>.</lex> <lex>It</lex> <lex>also</lex> <lex>wants</lex> <lex>countries</lex>
<lex>to</lex> <lex>enforce</lex> <lex>a</lex> <lex>ban</lex> <lex>on</lex> <lex>all</lex> <lex>forms</lex> <lex>of</lex> <lex>tobacco</lex> <lex>advertising</lex><lex>.</lex> 

<ORGANIZATION><lex>The</lex> <lex>World</lex> <lex>Health</lex> <lex>Organization</lex></ORGANIZATION> <lex>is</lex> <lex>also</lex> <lex>urging</lex> <lex>countries</lex> <lex>to</lex> <lex>raise</lex> <lex>taxes</lex>
<lex>on</lex> <lex>tobacco</lex> <lex>products</lex><lex>.</lex> <PERSON><lex>Rahman</lex></PERSON><lex>,</lex> <lex>says</lex> <lex>governments</lex> <lex>hesitate</lex> <lex>doing</lex> <lex>this</lex><lex>,</lex>
<lex>fearing</lex> <lex>loss</lex> <lex>of</lex> <lex>revenue</lex> <lex>due</lex> <lex>to</lex> <lex>a</lex> <lex>drop</lex> <lex>in</lex> <lex>sale</lex> <lex>of</lex> <lex>tobacco</lex> <lex>products</lex><lex>.</lex> <lex>But</lex>
<lex>he</lex> <lex>says</lex> <lex>increasing</lex> <lex>tax</lex> <lex>is</lex> <lex>effective</lex><lex>.</lex> 

<lex>"</lex><lex>If</lex> <lex>you</lex> <lex>increase</lex> <lex>tax</lex><lex>,</lex> <lex>you</lex> <lex>can</lex> <lex>earn</lex> <lex>more</lex> <lex>revenue</lex> <lex>from</lex> <lex>tobacco</lex> <lex>industry</lex><lex>,</lex>
<lex>and</lex> <lex>at</lex> <lex>the</lex> <lex>same</lex> <lex>time</lex> <lex>you</lex> <lex>can</lex> <lex>reduce</lex> <lex>consumption</lex><lex>,</lex> <lex>and</lex> <lex>if</lex> <lex>consumption</lex> <lex>is</lex>
<lex>reduced</lex><lex>,</lex> <lex>you</lex> <lex>get</lex> <lex>less</lex> <lex>diseases</lex> <lex>and</lex> <lex>you</lex> <lex>spend</lex> <lex>less</lex> <lex>to</lex> <lex>treat</lex> <lex>those</lex>
<lex>diseases</lex><lex>,"</lex> <PERSON><lex>Rahman</lex></PERSON> <lex>said</lex><lex>.</lex>    

<lex>Some</lex> <lex>countries</lex> <lex>in</lex> <lex>the</lex> <lex>region</lex> <lex>-</lex> <LOCATION><lex>Bangladesh</lex></LOCATION><lex>,</lex> <LOCATION><lex>Burma</lex></LOCATION> <lex>and</lex> <LOCATION><lex>Thailand</lex></LOCATION> <lex>-</lex> <lex>have</lex>
<lex>already</lex> <lex>imposed</lex> <lex>high</lex> <lex>taxes</lex> <lex>of</lex> <lex>up</lex> <lex>to</lex> <lex>80</lex> <lex>percent</lex> <lex>on</lex> <lex>tobacco</lex> <lex>products</lex><lex>.</lex> 

<lex>The</lex> <lex>populous</lex> <lex>South</lex> <lex>Asian</lex> <lex>and</lex> <lex>South</lex> <lex>East</lex> <lex>Asian</lex> <lex>region</lex> <lex>accounts</lex> <lex>for</lex>
<lex>nearly</lex> <lex>one</lex> <lex>quarter</lex> <lex>of</lex> <lex>the</lex> <lex>five</lex> <lex>million</lex> <lex>deaths</lex> <lex>that</lex> <lex>take</lex> <lex>place</lex>
<lex>worldwide</lex> <lex>every</lex> <lex>year</lex> <lex>due</lex> <lex>to</lex> <lex>use</lex> <lex>of</lex> <lex>tobacco</lex><lex>.</lex> 
</zone></__top>