<__top><zone region_type="body"><lex>An</lex> <lex>American</lex> <lex>newspaper</lex> <lex>says</lex> <lex><LOCATION>U.S.</LOCATION></lex> <lex>and</lex> <lex><LOCATION>Pakistani</LOCATION></lex> <lex>officials</lex> <lex>are</lex> <lex>shifting</lex>
<lex>tactics</lex> <lex>in</lex> <lex>their</lex> <lex>search</lex> <lex>for</lex> <lex>al-Qaida</lex> <lex>leader</lex> <PERSON><lex>Osama</lex> <lex>bin</lex> <lex>Laden</lex></PERSON><lex>,</lex>
<lex>intensifying</lex> <lex>the</lex> <lex>use</lex> <lex>of</lex> <lex>unmanned</lex><lex>,</lex> <lex>but</lex> <lex>lethal</lex><lex>,</lex> <lex>spy</lex> <lex>planes</lex> <lex>in</lex> <lex>western</lex>
<LOCATION><lex>Pakistan</lex><lex>.</lex></LOCATION> 

<lex>The</lex> <lex><LOCATION>Washington</LOCATION></lex> <lex>Post</lex> <lex>Wednesday</lex> <lex>quotes</lex> <lex>the</lex> <lex>officials</lex> <lex>as</lex> <lex>saying</lex> <lex>the</lex>
<lex>number</lex> <lex>of</lex> <lex>missile</lex> <lex>attacks</lex> <lex>by</lex> <lex>pilotless</lex> <lex>Predator</lex> <lex>drones</lex> <lex>in</lex> <lex><LOCATION>Pakistan</LOCATION></lex> <lex>has</lex>
<lex>more</lex> <lex>than</lex> <lex>tripled</lex> <lex>in</lex> <lex>the</lex> <lex>past</lex> <lex>year</lex><lex>.</lex> <lex>They</lex> <lex>say</lex> <lex><LOCATION>Pakistani</LOCATION></lex> <lex>officials</lex>
<lex>reported</lex> <lex>11</lex> <lex>such</lex> <lex>strikes</lex> <lex>this</lex> <lex>year</lex><lex>,</lex> <lex>compared</lex> <lex>to</lex> <lex>three</lex> <lex>strikes</lex> <lex>in</lex>
<lex>2007</lex><lex>.</lex> 

<lex>The</lex> <lex>Post</lex> <lex>says</lex> <lex>officials</lex> <lex>involved</lex> <lex>in</lex> <lex>the</lex> <lex>operations</lex> <lex>call</lex> <lex>the</lex> <lex>attacks</lex>
<lex>part</lex> <lex>of</lex> <lex>a</lex> <lex>renewed</lex> <lex>effort</lex> <lex>to</lex> <lex>cripple</lex> <lex><LOCATION>al-Qaida</LOCATION></lex><lex>'s</lex> <lex>central</lex> <lex>command</lex><lex>.</lex> <lex>They</lex>
<lex>say</lex> <lex>officials</lex> <lex>are</lex> <lex>targeting</lex> <lex>top</lex> <lex>al-Qaida</lex> <lex>members</lex> <lex>in</lex> <lex>the</lex> <lex>hope</lex> <lex>that</lex> <lex>they</lex>
<lex>could</lex> <lex>lead</lex> <lex>authorities</lex> <lex>to</lex> <lex>bin</lex> <LOCATION><lex>Laden</lex><lex>.</lex></LOCATION> 

<lex>The</lex> <lex><PERSON>Bush</PERSON></lex> <lex>administration</lex> <lex>did</lex> <lex>not</lex> <lex>immediately</lex> <lex>comment</lex> <lex>on</lex> <lex>the</lex> <ORGANIZATION><lex>report</lex><lex>.</lex></ORGANIZATION> <lex>But</lex>
<ORGANIZATION><lex>White</lex> <lex>House</lex></ORGANIZATION> <lex>spokeswoman</lex> <lex>Dana</lex> <lex><LOCATION>Perino</LOCATION></lex> <lex>Wednesday</lex> <lex>said</lex> <lex>President</lex> <lex><PERSON>Bush</PERSON></lex> <lex>has</lex>
<lex>not</lex> <lex>given</lex> <lex>up</lex> <lex>on</lex> <lex>efforts</lex> <lex>to</lex> <lex>track</lex> <lex>down</lex> <lex>bin</lex> <lex><LOCATION>Laden</LOCATION></lex> <lex>and</lex> <lex>his</lex> <lex>followers</lex><lex>.</lex> 

<lex><LOCATION>U.S.</LOCATION></lex> <lex>officials</lex> <lex>have</lex> <lex>said</lex> <lex>they</lex> <lex>suspect</lex> <lex>bin</lex> <lex><LOCATION>Laden</LOCATION></lex> <lex>and</lex> <lex>other</lex> <lex>al-Qaida</lex>
<lex>leaders</lex> <lex>are</lex> <lex>hiding</lex> <lex>in</lex> <lex><LOCATION>Pakistan</LOCATION></lex><lex>'s</lex> <lex>tribal</lex> <lex>regions</lex> <lex>along</lex> <lex>the</lex> <ORGANIZATION><lex>Afghan</lex>
<lex>border</lex><lex>.</lex></ORGANIZATION> 

<lex>The</lex> <LOCATION><lex>United</lex> <lex>States</lex></LOCATION> <lex>has</lex> <lex>used</lex> <lex>drones</lex> <lex>to</lex> <lex>target</lex> <lex>militants</lex> <lex>along</lex> <lex><LOCATION>Pakistan</LOCATION></lex><lex>'s</lex>
<lex>border</lex> <lex>with</lex> <lex><LOCATION>Afghanistan</LOCATION></lex> <lex>in</lex> <lex>the</lex> <lex>past</lex><lex>.</lex> 

<lex>Since</lex> <lex>late</lex> <lex>August</lex> <lex>there</lex> <lex>have</lex> <lex>been</lex> <lex>at</lex> <lex>least</lex> <lex>five</lex> <lex>suspected</lex> <lex><LOCATION>U.S.</LOCATION></lex> <lex>missile</lex>
<lex>strikes</lex> <lex>against</lex> <lex>militant</lex> <lex>targets</lex> <lex>in</lex> <lex><LOCATION>Pakistan</LOCATION></lex><lex>'s</lex> <ORGANIZATION><lex>North</lex> <lex>and</lex> <lex>South</lex>
<lex>Waziristan</lex></ORGANIZATION> <lex>regions</lex><lex>.</lex> <lex><PERSON>Afghan</PERSON></lex><lex>,</lex> <lex><LOCATION>U.S.</LOCATION></lex> <lex>and</lex> <lex><ORGANIZATION>NATO</ORGANIZATION></lex> <lex>officials</lex> <lex>say</lex> <lex>the</lex> <lex>regions</lex>
<lex>act</lex> <lex>as</lex> <lex><LOCATION>Taliban</LOCATION></lex> <lex>and</lex> <lex><LOCATION>al-Qaida</LOCATION></lex> <lex>sanctuaries</lex><lex>.</lex> 

<lex>The</lex> <lex>Post</lex> <lex>says</lex> <lex><ORGANIZATION>U.S.</ORGANIZATION></lex> <lex>officials</lex> <lex>attribute</lex> <lex>their</lex> <lex>failure</lex> <lex>to</lex> <lex>find</lex> <lex>bin</lex> <lex>Laden</lex>
<lex>mostly</lex> <lex>to</lex> <lex>an</lex> <lex>inability</lex> <lex>to</lex> <lex>develop</lex> <lex>intelligence</lex> <lex>informants</lex> <lex>in</lex>
<lex><LOCATION>Pakistan</LOCATION></lex><lex>'s</lex> <lex>tribal</lex> <lex>regions</lex><lex>.</lex> 
</zone></__top>