<__top><zone region_type="body"><lex>Zimbabwean</lex> <lex>political</lex> <lex>leaders</lex> <lex>are</lex> <lex>set</lex> <lex>to</lex> <lex>hold</lex> <lex>a</lex> <lex>fourth</lex> <lex>day</lex> <lex>of</lex>
<lex>power-sharing</lex> <lex>talks</lex> <lex>Thursday</lex><lex>,</lex> <lex>and</lex> <lex>it</lex> <lex>remains</lex> <lex>unclear</lex> <lex>how</lex> <lex>close</lex> <lex>they</lex>
<lex>are</lex> <lex>to</lex> <lex>a</lex> <lex>deal</lex><lex>.</lex> 

<lex>At</lex> <lex>the</lex> <lex>end</lex> <lex>of</lex> <lex>Wednesday</lex><lex>'s</lex> <lex>talks</lex> <lex>in</lex> <lex>the</lex> <lex>capital</lex><lex>,</lex> <lex><PERSON>Harare</PERSON></lex><lex>,</lex> <lex>President</lex>
<PERSON><lex>Robert</lex> <lex>Mugabe</lex></PERSON> <lex>called</lex> <lex>the</lex> <lex>progress</lex> <lex>"</lex><lex>encouraging</lex><lex>"</lex> <lex>and</lex> <lex>said</lex> <lex>he</lex> <lex>hopes</lex> <lex>all</lex>
<lex>parties</lex> <lex>will</lex> <lex>sign</lex> <lex>an</lex> <lex>agreement</lex> <lex>Friday</lex><lex>.</lex> 

<lex>Main</lex> <lex>opposition</lex> <lex>leader</lex> <PERSON><lex>Morgan</lex> <lex>Tsvangirai</lex></PERSON> <lex>said</lex> <lex>there</lex> <lex>is</lex> <lex>very</lex> <lex>little</lex>
<lex>work</lex> <lex>left</lex> <lex>to</lex> <lex>do</lex> <lex>in</lex> <lex>the</lex> <lex>negotiations</lex><lex>.</lex> 

<lex>But</lex> <lex>the</lex> <lex>state-run</lex> <lex><ORGANIZATION>Herald</ORGANIZATION></lex> <lex>newspaper</lex> <lex>reports</lex> <lex>Thursday</lex> <lex>that</lex> <lex>little</lex>
<lex>progress</lex> <lex>was</lex> <lex>made</lex> <lex>in</lex> <lex>Wednesday</lex><lex>'s</lex> <lex>talks</lex><lex>,</lex> <lex>and</lex> <lex>that</lex> <lex>prospects</lex> <lex>for</lex> <lex>a</lex> <lex>deal</lex>
<lex>this</lex> <lex>week</lex> <lex>appear</lex> <lex>"</lex><lex>slim</lex><lex>."</lex> 

<lex>The</lex> <lex>sides</lex> <lex>are</lex> <lex>stuck</lex> <lex>on</lex> <lex>the</lex> <lex>question</lex> <lex>of</lex> <lex>how</lex> <lex>President</lex> <lex><PERSON>Mugabe</PERSON></lex> <lex>and</lex>
<lex><LOCATION>Tsvangirai</LOCATION></lex> <lex>would</lex> <lex>divide</lex> <lex>power</lex> <lex>in</lex> <lex>a</lex> <lex>national</lex> <lex>unity</lex> <lex>government</lex><lex>.</lex> 

<lex>South</lex> <lex>African</lex> <lex>President</lex> <PERSON><lex>Thabo</lex> <lex>Mbeki</lex></PERSON> <lex>is</lex> <lex>mediating</lex> <lex>the</lex> <lex>talks</lex> <lex>under</lex> <lex>a</lex>
<lex>mandate</lex> <lex>from</lex> <lex>the</lex> <ORGANIZATION><lex>Southern</lex> <lex>African</lex> <lex>Development</lex> <lex>Community</lex><lex>.</lex></ORGANIZATION> 

<lex>Mr.</lex> <lex><PERSON>Mbeki</PERSON></lex> <lex>put</lex> <lex>off</lex> <lex>a</lex> <lex>planned</lex> <lex>trip</lex> <lex>to</lex> <lex><LOCATION>Swaziland</LOCATION></lex> <lex>for</lex> <lex>a</lex> <lex>second</lex> <lex>day</lex>
<lex>Thursday</lex> <lex>so</lex> <lex>he</lex> <lex>can</lex> <lex>stay</lex> <lex>in</lex> <lex><LOCATION>Harare</LOCATION></lex><lex>.</lex> <lex>The</lex> <lex>South</lex> <lex>African</lex> <lex>president</lex> <lex>had</lex>
<lex>been</lex> <lex>scheduled</lex> <lex>to</lex> <lex>report</lex> <lex>on</lex> <lex>the</lex> <lex>talks</lex> <lex>to</lex> <lex>the</lex> <lex><ORGANIZATION>SADC</ORGANIZATION></lex><lex>'s</lex> <lex>security</lex>
<lex>committee</lex><lex>.</lex> 

<lex>The</lex> <lex>talks</lex> <lex>appeared</lex> <lex>deadlocked</lex> <lex>a</lex> <lex>week</lex> <lex>ago</lex><lex>,</lex> <lex>after</lex> <lex><ORGANIZATION>Tsvangirai</ORGANIZATION></lex> <lex>rejected</lex> <lex>a</lex>
<lex>proposal</lex> <lex>that</lex> <lex>would</lex> <lex>have</lex> <lex>given</lex> <lex>him</lex> <lex>a</lex> <lex>largely</lex> <lex>ceremonial</lex> <lex>post</lex> <lex>as</lex> <lex>prime</lex>
<lex>minister</lex><lex>.</lex> 

<lex>Despite</lex> <lex>this</lex> <lex>week</lex><lex>'s</lex> <lex>progress</lex><lex>,</lex> <lex>The</lex> <lex><ORGANIZATION>Herald</ORGANIZATION></lex> <lex>says</lex> <lex>Mr.</lex> <lex><PERSON>Mugabe</PERSON></lex> <lex>has</lex> <lex>warned</lex> <lex>he</lex>
<lex>will</lex> <lex>form</lex> <lex>a</lex> <lex>new</lex> <lex>government</lex> <lex>by</lex> <lex>the</lex> <lex>end</lex> <lex>the</lex> <lex>week</lex> <lex>no</lex> <lex>matter</lex> <lex>what</lex>
<lex>transpires</lex> <lex>in</lex> <lex>the</lex> <lex>negotiations</lex><lex>.</lex> 

<lex><PERSON>Tsvangirai</PERSON></lex><lex>'s</lex> <lex>party</lex><lex>,</lex> <lex>the</lex> <lex>Movement</lex> <lex>for</lex> <lex>Democratic</lex> <lex>Change</lex><lex>,</lex> <lex>gained</lex> <lex>control</lex>
<lex>of</lex> <lex>parliament</lex> <lex>in</lex> <lex>the</lex> <lex>March</lex> <lex>parliamentary</lex> <lex>elections</lex><lex>,</lex> <lex>and</lex> <lex>he</lex> <lex>won</lex> <lex>more</lex>
<lex>votes</lex> <lex>than</lex> <lex>Mr.</lex> <lex><PERSON>Mugabe</PERSON></lex> <lex>in</lex> <lex>the</lex> <lex>presidential</lex> <lex>poll</lex><lex>.</lex> 

<lex>But</lex> <lex>official</lex> <lex>results</lex> <lex>showed</lex> <lex>Tsvangirai</lex> <lex>falling</lex> <lex>short</lex> <lex>of</lex> <lex>a</lex> <lex>majority</lex><lex>,</lex>
<lex>and</lex> <lex>he</lex> <lex>boycotted</lex> <lex>a</lex> <lex>runoff</lex> <lex>presidential</lex> <lex>election</lex> <lex>because</lex> <lex>of</lex>
<lex>state-sponsored</lex> <lex>attacks</lex> <lex>on</lex> <lex>his</lex> <lex>supporters</lex><lex>.</lex> 

<lex>Mr.</lex> <lex><PERSON>Mugabe</PERSON></lex> <lex>won</lex> <lex>the</lex> <lex>uncontested</lex> <lex>runoff</lex><lex>,</lex> <lex>extending</lex> <lex>his</lex> <lex>nearly</lex> <lex>30</lex><lex>-year</lex>
<lex>rule</lex><lex>.</lex> 

<lex>The</lex> <lex>parties</lex> <lex>are</lex> <lex>under</lex> <lex>international</lex> <lex>pressure</lex> <lex>to</lex> <lex>reach</lex> <lex>a</lex> <lex>power-sharing</lex>
<lex>deal</lex> <lex>so</lex> <lex><LOCATION>Zimbabwe</LOCATION></lex> <lex>can</lex> <lex>begin</lex> <lex>recovering</lex> <lex>from</lex> <lex>its</lex> <lex>deep</lex> <lex>economic</lex>
<lex>crisis</lex><lex>.</lex> <lex>The</lex> <lex>country</lex> <lex>is</lex> <lex>suffering</lex> <lex>food</lex> <lex>and</lex> <lex>fuel</lex> <lex>shortages</lex> <lex>that</lex> <lex>have</lex>
<lex>helped</lex> <lex>drive</lex> <lex>up</lex> <lex>inflation</lex> <lex>to</lex> <lex>an</lex> <lex>estimated</lex> <lex>11</lex> <lex>million</lex> <lex>percent</lex><lex>.</lex> 
</zone></__top>